tconst	averageRating	numVotes
tt0000001	5.6	1645
tt0000002	6.1	198
tt0000003	6.5	1342
tt0000004	6.2	120
tt0000005	6.2	2127
tt0000006	5.3	115
tt0000007	5.5	652
tt0000008	5.4	1807
tt0000009	5.9	154
tt0000010	6.9	6018
tt0000011	5.2	262
tt0000012	7.4	10287
tt0000013	5.7	1572
tt0000014	7.1	4599
tt0000015	6.1	817
tt0000016	5.9	1200
tt0000017	4.6	241
tt0000018	5.3	478
tt0000019	5.3	20
tt0000020	5	267
tt0000022	5.1	888
tt0000023	5.7	1141
tt0000024	4.5	51
tt0000025	4.2	29
tt0000026	5.7	1313
tt0000027	5.6	925
tt0000028	5.1	857
tt0000029	5.9	2850
tt0000030	5.2	687
tt0000031	5.5	837
tt0000032	5.1	338
tt0000033	5.6	856
tt0000034	5.3	128
tt0000035	5.6	59
tt0000036	4.4	491
tt0000037	4.7	43
tt0000038	4.1	148
tt0000039	3.7	15
tt0000040	4.3	40
tt0000041	6.6	1422
tt0000042	4.8	24
tt0000043	4	15
tt0000044	4.7	30
tt0000045	4.9	19
tt0000046	4.6	19
tt0000047	4	18
tt0000048	4.8	128
tt0000049	5.4	25
tt0000050	4.5	16
tt0000051	4.2	17
tt0000052	4.6	60
tt0000053	2.8	9
tt0000054	5.4	21
tt0000055	4.1	18
tt0000056	3.5	12
tt0000057	4.7	17
tt0000058	4.6	16
tt0000059	4	16
tt0000060	7.6	62
tt0000061	4.1	14
tt0000062	6.5	159
tt0000063	3.9	15
tt0000064	3.6	15
tt0000065	3.9	15
tt0000066	3.9	15
tt0000067	5.9	43
tt0000068	4.1	14
tt0000069	4.8	351
tt0000070	6.4	2263
tt0000071	4	17
tt0000072	4.5	16
tt0000073	4	14
tt0000074	4.5	17
tt0000075	6.3	1561
tt0000076	4.5	430
tt0000077	5.1	20
tt0000078	4.2	49
tt0000079	4.6	19
tt0000080	4.3	15
tt0000081	4.4	16
tt0000082	4.8	25
tt0000083	5	20
tt0000084	4.7	17
tt0000085	5.1	18
tt0000086	4.4	16
tt0000087	5	20
tt0000088	5.1	17
tt0000089	6.2	831
tt0000090	4.4	16
tt0000091	6.7	2775
tt0000092	4.9	14
tt0000093	4.9	66
tt0000094	4.6	15
tt0000095	5	22
tt0000096	4.6	13
tt0000097	5.3	19
tt0000098	5.7	21
tt0000099	4.9	16
tt0000100	5.2	34
tt0000101	5.1	14
tt0000102	5	15
tt0000103	6.1	17
tt0000104	5.5	386
tt0000105	5.7	15
tt0000106	5.2	13
tt0000107	5.8	15
tt0000108	4.4	442
tt0000109	4.5	436
tt0000110	4.4	439
tt0000111	4.5	448
tt0000112	4.5	437
tt0000113	4.4	451
tt0000114	5.8	16
tt0000115	5.2	19
tt0000116	5.8	16
tt0000117	5.1	118
tt0000118	5.9	17
tt0000119	5.8	30
tt0000120	5.7	30
tt0000121	4.6	49
tt0000122	5.8	16
tt0000123	5.8	74
tt0000124	5.9	17
tt0000125	5	8
tt0000126	6	18
tt0000127	4.9	15
tt0000128	6.1	26
tt0000129	6.8	37
tt0000130	5.8	17
tt0000131	5.8	1079
tt0000132	5.1	869
tt0000133	6.5	24
tt0000134	4.6	8
tt0000135	6.7	52
tt0000137	4.8	12
tt0000138	6.5	852
tt0000139	5.4	16
tt0000140	5	222
tt0000141	5.3	61
tt0000142	5	11
tt0000143	4.9	198
tt0000144	5.2	223
tt0000145	3.9	7
tt0000146	5.1	14
tt0000147	5.2	356
tt0000148	3.6	7
tt0000149	5.1	12
tt0000150	5.2	112
tt0000151	5.4	32
tt0000152	6.1	180
tt0000153	5.7	330
tt0000154	4.6	8
tt0000155	5.3	15
tt0000156	4.6	13
tt0000157	4.1	8
tt0000158	3.5	8
tt0000159	5.3	70
tt0000160	5.2	9
tt0000161	3.9	8
tt0000162	5.3	395
tt0000163	4.5	6
tt0000164	5	227
tt0000165	5.1	89
tt0000166	4.1	7
tt0000167	4.2	100
tt0000168	3.4	7
tt0000169	4.1	17
tt0000170	5.2	181
tt0000171	5	5
tt0000172	6.1	667
tt0000173	4.6	17
tt0000174	4.7	105
tt0000175	5	163
tt0000176	5.8	5
tt0000177	4.6	187
tt0000178	5.3	96
tt0000179	4.6	24
tt0000181	6.7	36
tt0000182	4.9	468
tt0000183	6.2	18
tt0000184	4.8	257
tt0000186	4.3	12
tt0000187	5.3	34
tt0000188	5	5
tt0000190	5.1	114
tt0000192	4.4	132
tt0000194	5.4	65
tt0000196	5.3	19
tt0000197	4.7	10
tt0000198	4.8	9
tt0000199	5	5
tt0000204	5.7	6
tt0000205	5.3	19
tt0000206	4.8	6
tt0000207	6.4	5
tt0000208	5.7	466
tt0000209	4.9	17
tt0000210	5.3	18
tt0000211	7.5	3332
tt0000213	4.5	183
tt0000214	4.6	59
tt0000215	4.3	99
tt0000218	5.9	499
tt0000219	6.7	23
tt0000222	4.6	185
tt0000223	5.4	11
tt0000225	5.1	18
tt0000228	4.8	218
tt0000229	4.5	80
tt0000230	6.5	1337
tt0000231	3.5	8
tt0000234	6.1	38
tt0000235	6.2	561
tt0000239	5.4	188
tt0000240	4.3	50
tt0000242	6.4	900
tt0000245	6.1	25
tt0000246	6.4	903
tt0000247	4.9	403
tt0000248	6	1319
tt0000251	5.5	90
tt0000253	4.6	18
tt0000256	4.6	126
tt0000261	5.7	48
tt0000264	5.7	354
tt0000265	4.6	99
tt0000269	5.1	97
tt0000271	7.3	6
tt0000272	5.6	680
tt0000273	5.5	479
tt0000274	5.6	187
tt0000276	7.6	8
tt0000277	6.3	47
tt0000278	6.3	6
tt0000279	4.8	6
tt0000280	5.2	6
tt0000281	5.3	7
tt0000283	6.3	11
tt0000284	5.3	177
tt0000285	5.3	7
tt0000286	5.7	174
tt0000287	5	119
tt0000288	5.4	158
tt0000292	5.4	66
tt0000296	5.8	205
tt0000299	5.5	181
tt0000300	6.9	1053
tt0000301	4.4	312
tt0000302	5.1	141
tt0000304	6	1022
tt0000306	5.4	168
tt0000307	5	61
tt0000308	5.7	60
tt0000309	6.1	710
tt0000310	7.3	15
tt0000313	5.9	659
tt0000319	5.8	135
tt0000321	4.9	166
tt0000328	7.2	6
tt0000335	6.1	41
tt0000337	5.1	311
tt0000340	5	228
tt0000341	4.9	286
tt0000346	4.9	162
tt0000347	4.4	82
tt0000349	5.7	95
tt0000350	5.8	615
tt0000352	5.9	24
tt0000353	5.1	292
tt0000355	6.1	561
tt0000357	5.8	336
tt0000358	6.1	575
tt0000359	7.1	2452
tt0000361	8.1	10
tt0000363	6.2	119
tt0000364	5.4	121
tt0000368	6.6	12
tt0000370	5.5	358
tt0000373	6.2	55
tt0000376	7	6
tt0000377	6.2	95
tt0000379	5.2	6
tt0000380	7.2	13
tt0000381	3.9	10
tt0000384	5.8	185
tt0000387	5.2	284
tt0000388	5.1	98
tt0000399	6.1	639
tt0000400	6.4	10
tt0000402	5.7	7
tt0000406	5.7	22
tt0000407	3.7	27
tt0000409	5.2	167
tt0000410	6.7	863
tt0000412	4.5	11
tt0000413	5.5	338
tt0000414	5.3	641
tt0000416	5.3	122
tt0000417	8.2	42764
tt0000420	6.3	2306
tt0000423	5.4	185
tt0000425	5.2	10
tt0000426	4.8	6
tt0000430	5.9	604
tt0000432	5.6	164
tt0000436	6.2	445
tt0000437	5.1	187
tt0000439	7.3	16824
tt0000440	5.4	177
tt0000441	6.5	6
tt0000442	4.7	57
tt0000443	5.8	9
tt0000446	6.1	9
tt0000447	6.4	2049
tt0000451	6.6	740
tt0000452	4.7	84
tt0000455	6.8	1649
tt0000456	4.1	36
tt0000459	4.6	51
tt0000460	6.3	7
tt0000464	4.8	342
tt0000465	7.3	1120
tt0000469	5.8	890
tt0000471	5.1	399
tt0000472	6.4	13
tt0000479	5.4	333
tt0000480	5	160
tt0000487	7	411
tt0000488	6.9	681
tt0000491	4	40
tt0000492	5	84
tt0000495	6	83
tt0000496	6.1	39
tt0000497	5.1	50
tt0000498	6.6	1017
tt0000499	7.6	3023
tt0000501	4.8	26
tt0000502	3.8	6
tt0000505	8.1	11
tt0000506	5	6
tt0000507	3.7	28
tt0000509	6.2	19
tt0000511	6.6	25
tt0000512	4.5	41
tt0000515	4.8	72
tt0000516	6.5	833
tt0000519	5.7	295
tt0000520	6.5	32
tt0000521	5.4	244
tt0000524	5.7	657
tt0000525	5.5	38
tt0000526	4.2	40
tt0000528	6	9
tt0000533	7.2	18
tt0000534	6.6	950
tt0000535	5.1	45
tt0000537	4.5	65
tt0000543	5.2	12
tt0000546	6.7	1661
tt0000548	5.5	6
tt0000550	4.4	8
tt0000552	5.7	39
tt0000553	6.5	300
tt0000554	6.2	1091
tt0000555	5.2	11
tt0000557	4.6	91
tt0000561	5.4	27
tt0000565	6.3	437
tt0000567	6.7	890
tt0000570	4.1	34
tt0000571	7	51
tt0000574	6.1	589
tt0000575	5.9	405
tt0000576	6	194
tt0000578	7.1	10
tt0000581	5.2	6
tt0000582	5.1	583
tt0000583	5.5	24
tt0000584	5	53
tt0000586	6.2	6
tt0000591	5.5	6
tt0000597	4.9	55
tt0000598	5.6	28
tt0000599	4.7	7
tt0000601	5	6
tt0000602	4.7	163
tt0000609	4.2	12
tt0000610	5	11
tt0000613	4.3	7
tt0000614	6.5	870
tt0000615	4.5	15
tt0000617	4.5	17
tt0000618	7.8	8
tt0000621	6.4	515
tt0000624	7	6
tt0000627	6.1	15
tt0000628	5.7	670
tt0000629	5.6	34
tt0000630	3.2	12
tt0000632	5.3	36
tt0000634	3.7	10
tt0000637	5.5	563
tt0000638	5.4	32
tt0000639	5.3	42
tt0000640	4.3	80
tt0000641	4.8	105
tt0000642	5.5	25
tt0000644	5.3	20
tt0000645	5.3	103
tt0000648	4.8	106
tt0000650	6.5	6
tt0000651	5.2	34
tt0000653	4.6	152
tt0000654	5.3	51
tt0000658	6.4	172
tt0000659	5.2	36
tt0000660	5.6	19
tt0000661	6.7	13
tt0000662	5.1	17
tt0000663	5.7	15
tt0000665	5.8	15
tt0000666	5.8	20
tt0000668	7	20
tt0000669	4.9	103
tt0000671	6.2	8
tt0000672	5.5	15
tt0000674	4.7	35
tt0000675	4.8	10
tt0000676	4.3	9
tt0000677	6.5	6
tt0000679	5.2	37
tt0000680	5.7	15
tt0000681	5.6	10
tt0000682	6.9	2151
tt0000683	5.6	43
tt0000684	5.1	76
tt0000685	5.8	15
tt0000689	6.5	18
tt0000690	6.3	14
tt0000694	5.4	19
tt0000695	5.8	22
tt0000697	5.4	10
tt0000698	5.7	9
tt0000699	6	10
tt0000700	5.4	47
tt0000704	5.2	19
tt0000706	5.2	13
tt0000707	5.8	9
tt0000708	4.8	11
tt0000709	5.7	30
tt0000711	4.9	8
tt0000712	6.8	5
tt0000713	6	7
tt0000715	6.2	5
tt0000717	5.6	9
tt0000720	6.3	10
tt0000722	5.4	7
tt0000724	5.2	32
tt0000725	6.4	5
tt0000727	6.2	11
tt0000728	5.9	92
tt0000730	5.8	38
tt0000731	4.6	14
tt0000733	6.3	14
tt0000734	4.2	6
tt0000736	5.2	8
tt0000737	5.5	19
tt0000738	8	12
tt0000739	6.2	8
tt0000740	5.8	9
tt0000741	5.1	10
tt0000743	6.7	7
tt0000746	7.4	11
tt0000747	5	11
tt0000748	6.1	16
tt0000749	5.7	640
tt0000750	7	7
tt0000752	5.4	90
tt0000754	7.2	40
tt0000755	5.7	157
tt0000756	5.4	85
tt0000758	6.3	18
tt0000759	7.9	9
tt0000762	5.7	7
tt0000764	5.7	100
tt0000765	5.8	8
tt0000767	5.9	10
tt0000769	5.3	119
tt0000770	5.4	102
tt0000771	6	14
tt0000772	6.3	10
tt0000775	7.2	8
tt0000776	5.8	64
tt0000778	6.6	7
tt0000779	5.7	7
tt0000781	6.6	10
tt0000782	7.4	14
tt0000783	5	5
tt0000784	6.6	8
tt0000785	5.3	33
tt0000787	5.8	10
tt0000789	5	35
tt0000790	6.2	280
tt0000792	4.8	18
tt0000793	4.9	8
tt0000797	5.3	93
tt0000798	4.6	10
tt0000800	5.5	47
tt0000801	5.5	17
tt0000807	5.1	14
tt0000809	6.3	24
tt0000815	5.2	13
tt0000816	4.7	69
tt0000817	3.2	9
tt0000819	5.6	15
tt0000821	4.8	64
tt0000823	4.8	15
tt0000825	5	13
tt0000826	4.9	12
tt0000827	5.4	34
tt0000828	5.3	58
tt0000829	4.9	14
tt0000831	5.3	83
tt0000832	6.6	2114
tt0000833	6.4	532
tt0000835	5	88
tt0000836	4.7	41
tt0000837	5.5	11
tt0000840	5.6	257
tt0000841	5.3	30
tt0000843	5.9	11
tt0000844	5.5	10
tt0000845	5.1	11
tt0000847	5.9	8
tt0000848	5.9	16
tt0000851	5.4	12
tt0000852	5.8	163
tt0000853	5.4	11
tt0000854	6	396
tt0000855	5.7	10
tt0000857	4.8	10
tt0000858	5.2	9
tt0000860	4.9	30
tt0000861	5.2	15
tt0000862	4.6	9
tt0000864	5.6	14
tt0000866	7.2	6
tt0000870	5.1	15
tt0000871	5.7	60
tt0000873	5.8	6
tt0000874	4.9	12
tt0000875	4.8	10
tt0000877	4.8	54
tt0000878	5	123
tt0000880	5.9	38
tt0000882	5.8	147
tt0000884	3.5	6
tt0000886	5.1	21
tt0000887	4.5	23
tt0000890	7	16
tt0000891	5.2	21
tt0000892	5.6	42
tt0000893	6.5	22
tt0000895	5.6	149
tt0000896	4.6	8
tt0000897	5.7	31
tt0000898	5.8	8
tt0000900	4	7
tt0000901	4.1	7
tt0000902	5	7
tt0000903	5.2	5
tt0000904	5.4	80
tt0000905	5.6	7
tt0000907	5.3	7
tt0000908	6.1	14
tt0000909	5	5
tt0000910	5.7	9
tt0000911	3.7	10
tt0000912	4.4	37
tt0000916	6.2	48
tt0000917	5.6	5
tt0000919	4.1	7
tt0000920	4.6	7
tt0000921	5.8	9
tt0000922	5.7	77
tt0000924	6.2	126
tt0000928	5.4	69
tt0000929	5.4	34
tt0000930	4	6
tt0000932	2.8	6
tt0000933	4.7	23
tt0000934	4.9	9
tt0000935	6.3	66
tt0000936	6.7	59
tt0000938	4.6	145
tt0000939	5.7	10
tt0000941	4.2	13
tt0000942	6.1	784
tt0000943	5.4	5
tt0000944	4.8	6
tt0000945	4.7	51
tt0000946	4.6	54
tt0000950	4.8	9
tt0000954	4.7	7
tt0000956	6.6	7
tt0000957	6.1	37
tt0000958	5.3	7
tt0000960	4.7	235
tt0000961	8.1	14
tt0000962	5	7
tt0000964	5.5	8
tt0000966	5.7	291
tt0000967	4.9	7
tt0000969	6	12
tt0000970	5.8	55
tt0000971	6.2	121
tt0000972	5.7	56
tt0000974	5.3	31
tt0000975	5.9	7
tt0000976	4.9	10
tt0000979	5.2	17
tt0000981	5.5	28
tt0000983	5.4	5
tt0000985	4.6	5
tt0000986	5.2	86
tt0000987	7.8	6
tt0000988	4.2	8
tt0000989	4.7	22
tt0000990	5.9	44
tt0000992	4.2	9
tt0000993	5.4	5
tt0000995	7.4	9
tt0000996	4.3	6
tt0000997	6.6	8
tt0000998	5.2	11
tt0001000	5.3	24
tt0001001	5.5	82
tt0001002	4.9	74
tt0001005	3.8	5
tt0001008	5.2	9
tt0001009	6.4	842
tt0001010	4	7
tt0001011	4.7	7
tt0001012	7	5
tt0001013	5.9	310
tt0001014	5.2	85
tt0001015	4.7	11
tt0001016	5.6	86
tt0001020	3.8	5
tt0001023	5.8	5
tt0001024	4.6	5
tt0001025	6.8	8
tt0001027	6	7
tt0001028	4.3	10
tt0001029	5.3	32
tt0001031	4.8	5
tt0001032	6	726
tt0001033	5.2	9
tt0001035	5.2	20
tt0001036	3.2	8
tt0001037	3.8	12
tt0001038	4.3	13
tt0001041	5.3	18
tt0001044	5.7	81
tt0001045	5.4	8
tt0001046	4.6	7
tt0001049	3.3	9
tt0001050	5.2	60
tt0001052	4.9	7
tt0001053	6.4	7
tt0001054	6.2	16
tt0001058	5.3	11
tt0001060	5	7
tt0001061	6.2	14
tt0001062	6.2	1049
tt0001063	6	7
tt0001064	4.9	16
tt0001065	5.1	7
tt0001066	3.3	6
tt0001067	5.1	9
tt0001071	6.4	7
tt0001072	5.6	228
tt0001074	5.8	12
tt0001075	4.9	7
tt0001076	5.6	12
tt0001077	4.6	5
tt0001078	5.7	25
tt0001079	4	9
tt0001083	5.4	97
tt0001084	5.1	138
tt0001085	6	7
tt0001086	6.4	7
tt0001088	5.3	49
tt0001089	8.3	19
tt0001090	6.9	7
tt0001091	5.5	159
tt0001092	5.8	23
tt0001094	4.9	7
tt0001095	3.6	7
tt0001098	6	10
tt0001099	5.3	7
tt0001101	5.1	14
tt0001103	5.5	13
tt0001104	5.2	13
tt0001105	6.4	750
tt0001106	6.1	76
tt0001107	6.2	32
tt0001111	4.4	9
tt0001112	3.6	19
tt0001113	5.6	8
tt0001115	4.7	11
tt0001116	4.9	10
tt0001117	5.5	8
tt0001118	5.5	133
tt0001120	5.6	159
tt0001121	4.8	14
tt0001122	5.4	9
tt0001124	5.6	5
tt0001129	5.2	16
tt0001135	4.7	22
tt0001139	4.2	8
tt0001143	4.6	14
tt0001144	4.6	12
tt0001145	5	6
tt0001150	5.4	64
tt0001151	4.8	14
tt0001152	4.6	14
tt0001153	4.8	12
tt0001156	4.5	10
tt0001159	5.6	8
tt0001161	4.5	11
tt0001165	4.8	8
tt0001175	5.8	23
tt0001176	4.3	9
tt0001184	3.1	11
tt0001185	7	14
tt0001186	5.5	49
tt0001187	4.6	9
tt0001190	6.6	8
tt0001195	4	6
tt0001200	4.5	15
tt0001202	4.9	8
tt0001206	6.1	11
tt0001207	5.7	88
tt0001211	5.5	29
tt0001216	4.8	9
tt0001217	5.9	47
tt0001218	5.3	79
tt0001223	6.4	3579
tt0001227	5.8	193
tt0001230	5	8
tt0001233	8.5	6
tt0001234	5.5	13
tt0001235	5.2	19
tt0001236	4.8	12
tt0001237	4.7	31
tt0001240	3.9	12
tt0001241	4.3	9
tt0001242	6	11
tt0001245	5.7	44
tt0001248	5.4	5
tt0001253	5	7
tt0001254	4.1	7
tt0001256	5.9	460
tt0001258	5.8	86
tt0001259	4.4	5
tt0001260	3.8	5
tt0001262	5.4	11
tt0001264	6.9	46
tt0001265	6.4	456
tt0001277	4.7	13
tt0001280	4.8	16
tt0001282	7.3	15
tt0001283	6.5	11
tt0001284	5.3	27
tt0001285	5.2	30
tt0001286	5.6	5
tt0001292	5	38
tt0001294	6.1	7
tt0001299	4.2	8
tt0001303	5.9	8
tt0001306	4.2	6
tt0001307	5.7	7
tt0001310	5.4	12
tt0001314	5.8	139
tt0001315	6.2	13
tt0001319	5	5
tt0001321	5.1	28
tt0001326	5.7	37
tt0001330	6.2	19
tt0001332	5.9	11
tt0001333	5.6	28
tt0001337	5.9	30
tt0001338	5.4	7
tt0001340	5.1	75
tt0001351	6.3	41
tt0001353	5	5
tt0001358	4.2	15
tt0001370	5.2	14
tt0001371	6	350
tt0001377	4.9	18
tt0001378	5.9	183
tt0001380	3.2	6
tt0001381	5.5	22
tt0001384	4.8	5
tt0001385	5.6	38
tt0001386	4.7	9
tt0001387	6	14
tt0001388	5.7	62
tt0001393	4	5
tt0001396	2.9	7
tt0001399	5.2	5
tt0001400	6	10
tt0001401	6	16
tt0001407	5.9	8
tt0001410	4	8
tt0001414	6.6	31
tt0001416	4	5
tt0001423	4.2	8
tt0001427	5	5
tt0001428	5.2	33
tt0001431	6.4	621
tt0001432	5.3	13
tt0001435	5.8	5
tt0001439	5.9	209
tt0001440	4.8	11
tt0001443	5.3	7
tt0001444	3.3	19
tt0001446	5.6	8
tt0001452	5.3	154
tt0001454	5.5	15
tt0001456	8.6	9
tt0001458	5.9	135
tt0001459	5.5	39
tt0001460	3	8
tt0001461	6.2	12
tt0001463	5.7	1353
tt0001469	5.9	75
tt0001475	7.4	14
tt0001481	5.7	9
tt0001482	5.1	29
tt0001488	6.3	389
tt0001490	4.8	12
tt0001496	4.2	36
tt0001497	6.5	6
tt0001498	7.7	6
tt0001499	5.6	265
tt0001500	5.7	6
tt0001508	5.2	14
tt0001510	5.4	29
tt0001517	5.7	15
tt0001518	5.7	7
tt0001519	5.3	20
tt0001527	7.7	2484
tt0001529	4.6	10
tt0001530	6	10
tt0001531	4.6	8
tt0001532	4.3	7
tt0001542	4	10
tt0001544	6.1	515
tt0001545	6.5	97
tt0001550	5.4	33
tt0001551	5.2	85
tt0001552	4.9	14
tt0001557	5	60
tt0001560	4.2	10
tt0001563	5.8	29
tt0001564	4.6	9
tt0001567	6.6	5
tt0001571	4.5	8
tt0001577	4.6	8
tt0001582	4.5	10
tt0001583	5.7	11
tt0001586	3.9	7
tt0001587	3.9	16
tt0001588	5.5	140
tt0001593	6.3	295
tt0001594	6.4	259
tt0001598	5.9	13
tt0001607	5.9	37
tt0001613	5.2	115
tt0001614	6.1	16
tt0001615	5.1	14
tt0001624	4.9	34
tt0001630	5.7	18
tt0001632	6.4	38
tt0001642	5.1	27
tt0001654	5.6	24
tt0001655	4.2	10
tt0001658	4.8	11
tt0001659	6.7	10
tt0001660	5.7	167
tt0001663	4	5
tt0001668	4.2	24
tt0001671	5.2	21
tt0001680	5.1	514
tt0001681	4.9	219
tt0001685	5.3	6
tt0001692	5.2	8
tt0001693	7.2	13
tt0001695	4.8	41
tt0001696	4.1	7
tt0001701	4.8	60
tt0001706	4.5	6
tt0001709	5.9	22
tt0001715	3.1	7
tt0001717	3.4	14
tt0001722	3.9	7
tt0001724	5.8	215
tt0001728	7.7	6
tt0001732	7.1	8
tt0001733	5.3	14
tt0001737	7	1505
tt0001738	7.3	22
tt0001740	6.5	1029
tt0001741	4.3	13
tt0001742	5.6	7
tt0001747	4.9	11
tt0001753	5.4	9
tt0001761	4.3	6
tt0001762	4.8	55
tt0001769	5.3	46
tt0001771	5.4	118
tt0001772	5.6	7
tt0001776	6.7	160
tt0001777	5.3	6
tt0001779	7	9
tt0001787	8.5	6
tt0001789	6.4	225
tt0001790	6	20
tt0001799	5	8
tt0001803	3.9	8
tt0001808	4.6	5
tt0001812	5.8	6
tt0001813	4.2	5
tt0001815	7.1	14
tt0001817	5.3	66
tt0001832	5.6	41
tt0001840	5.2	27
tt0001845	5.1	7
tt0001848	4.3	28
tt0001852	4.1	7
tt0001856	4.7	32
tt0001857	5.6	184
tt0001862	5.4	30
tt0001863	5.2	5
tt0001865	6	40
tt0001868	5.4	8
tt0001871	4.7	38
tt0001872	7.3	21
tt0001874	7.3	6
tt0001877	5.1	49
tt0001889	4	9
tt0001890	6	5
tt0001891	4.2	5
tt0001892	5.8	188
tt0001893	4.6	5
tt0001896	5.2	51
tt0001904	6	5
tt0001910	5.5	50
tt0001911	4.9	8
tt0001913	5.6	185
tt0001915	5.8	87
tt0001917	5.8	5
tt0001923	7.2	16
tt0001924	5	7
tt0001925	5.2	24
tt0001926	4.5	6
tt0001927	4.6	7
tt0001928	4.7	39
tt0001941	5.1	64
tt0001949	5.7	18
tt0001956	6.1	7
tt0001957	4.9	44
tt0001963	5.4	113
tt0001964	6	58
tt0001967	5.9	8
tt0001969	4.7	7
tt0001973	6.2	236
tt0001978	5.6	14
tt0001987	6.2	12
tt0001989	4.7	7
tt0001993	3.8	13
tt0001998	4.2	17
tt0002020	5.3	98
tt0002026	4	7
tt0002029	5.9	38
tt0002031	4.8	10
tt0002033	5.6	29
tt0002034	5.2	28
tt0002041	4.1	15
tt0002045	4.2	72
tt0002054	5.8	128
tt0002056	6.9	118
tt0002064	4.9	33
tt0002065	6.1	33
tt0002066	3.9	53
tt0002068	5.1	15
tt0002070	4.9	25
tt0002071	4.5	6
tt0002078	5.1	27
tt0002082	6.2	319
tt0002083	6	207
tt0002093	4.8	12
tt0002095	4.9	12
tt0002097	4.4	12
tt0002098	5.7	116
tt0002101	5.2	446
tt0002107	5	12
tt0002113	6.9	817
tt0002114	3.9	8
tt0002121	4.9	16
tt0002122	6.1	247
tt0002124	5.1	310
tt0002126	6.3	51
tt0002130	7	2238
tt0002132	5.8	6
tt0002133	5.8	158
tt0002136	5.6	64
tt0002139	5.5	8
tt0002143	5.9	517
tt0002144	5.4	11
tt0002145	8.7	7
tt0002151	5	20
tt0002153	5.7	44
tt0002159	4.2	22
tt0002160	6.5	73
tt0002162	4.4	41
tt0002167	5	10
tt0002172	4.9	12
tt0002176	5.9	243
tt0002177	5.8	22
tt0002179	3.8	20
tt0002181	6.2	140
tt0002186	6.3	88
tt0002190	6.1	333
tt0002196	4.4	7
tt0002197	5.6	226
tt0002198	6.3	19
tt0002199	5.7	484
tt0002200	6.2	74
tt0002202	4.7	11
tt0002203	5	38
tt0002206	5.6	12
tt0002208	6.7	1080
tt0002212	5.4	14
tt0002214	5.9	21
tt0002216	5.5	16
tt0002220	4.1	14
tt0002221	6.7	334
tt0002224	5.1	119
tt0002226	5.6	41
tt0002230	6.5	76
tt0002232	5.5	39
tt0002233	4.6	111
tt0002234	8.4	15
tt0002253	3.9	7
tt0002255	4.5	31
tt0002259	5.2	6
tt0002260	6.3	1060
tt0002261	5.9	14
tt0002266	6.6	7
tt0002268	5.2	8
tt0002273	4.9	14
tt0002277	6.3	21
tt0002278	5.1	14
tt0002280	4.8	28
tt0002281	6.1	252
tt0002282	5.4	23
tt0002287	4	7
tt0002290	5.5	41
tt0002293	3.2	6
tt0002295	7.5	6
tt0002300	6.1	9
tt0002302	5.9	31
tt0002303	5.7	154
tt0002305	7.4	17
tt0002309	8.9	11
tt0002318	5.5	13
tt0002320	3.7	6
tt0002329	5.2	22
tt0002332	4.9	15
tt0002340	5.8	39
tt0002342	5.9	67
tt0002349	5.2	13
tt0002350	6.4	268
tt0002354	6.3	122
tt0002355	5.9	47
tt0002357	6.2	183
tt0002369	6	37
tt0002370	5.9	7
tt0002371	6.1	11
tt0002374	6.2	9
tt0002375	6	5
tt0002380	4.9	7
tt0002381	6.6	1970
tt0002382	5.8	5
tt0002383	5.2	5
tt0002386	5.8	129
tt0002387	4.8	27
tt0002391	6.4	771
tt0002392	5.5	6
tt0002394	7.8	5
tt0002398	5.5	32
tt0002399	3.9	12
tt0002400	5.6	207
tt0002402	7.7	6
tt0002405	5.2	18
tt0002406	5.5	11
tt0002408	6.3	270
tt0002409	6.2	10
tt0002415	5.9	513
tt0002421	6	95
tt0002423	6.8	753
tt0002429	6.3	149
tt0002431	5.8	5
tt0002434	9.2	6
tt0002437	9	7
tt0002440	3.8	13
tt0002441	5.6	14
tt0002442	3.4	5
tt0002443	4.3	6
tt0002445	6.2	273
tt0002449	6.4	46
tt0002451	8.5	11
tt0002452	6.7	198
tt0002461	5.5	225
tt0002465	5.7	24
tt0002473	6.6	65
tt0002475	7	78
tt0002477	5.4	10
tt0002478	5.4	33
tt0002484	5.5	47
tt0002493	5.6	5
tt0002497	6.3	81
tt0002501	4.4	24
tt0002504	4.8	37
tt0002505	4.4	9
tt0002506	5.6	14
tt0002512	6.3	336
tt0002514	5.4	9
tt0002515	4.8	12
tt0002521	5.2	20
tt0002523	5.6	72
tt0002528	5	38
tt0002529	4.3	6
tt0002531	6	6
tt0002532	5.9	71
tt0002533	5.2	56
tt0002535	4.7	31
tt0002536	5.5	36
tt0002538	4.7	7
tt0002542	5.7	10
tt0002544	5.9	158
tt0002545	7.4	7
tt0002546	7.3	16
tt0002547	5.8	5
tt0002550	5.1	29
tt0002553	6.6	757
tt0002555	4.8	24
tt0002556	6	18
tt0002562	4.9	12
tt0002569	5.3	196
tt0002574	6.1	11
tt0002576	4.5	34
tt0002578	3.8	5
tt0002582	8.9	11
tt0002586	5.3	9
tt0002588	6.3	20
tt0002592	7.2	13
tt0002593	6	5
tt0002601	4.8	30
tt0002603	5	16
tt0002605	5.4	25
tt0002606	5.4	5
tt0002610	4.8	107
tt0002621	5.2	62
tt0002628	5.7	68
tt0002637	7.2	5
tt0002639	6.1	139
tt0002646	6.6	332
tt0002656	5.5	20
tt0002658	3.7	36
tt0002659	5.4	699
tt0002663	6	326
tt0002669	6.6	22
tt0002677	4.5	6
tt0002678	5.9	11
tt0002687	7.8	10
tt0002688	7.6	5
tt0002702	4.8	19
tt0002718	4.1	12
tt0002719	5.5	73
tt0002726	4.8	5
tt0002736	5.9	11
tt0002745	3.8	13
tt0002748	7.2	5
tt0002753	5.3	9
tt0002755	4.4	21
tt0002759	5.9	16
tt0002761	4.8	14
tt0002767	5.9	38
tt0002784	4.9	33
tt0002795	6	487
tt0002796	4.9	8
tt0002797	4.9	9
tt0002801	5.1	16
tt0002813	5.3	232
tt0002815	3.8	12
tt0002816	5.9	94
tt0002822	4.2	27
tt0002825	7	6
tt0002829	4.8	11
tt0002832	6.9	12
tt0002844	7	1944
tt0002847	5	18
tt0002848	4.8	15
tt0002850	6	13
tt0002851	5.3	309
tt0002853	4.1	26
tt0002863	6.7	33
tt0002867	5.5	97
tt0002885	6	89
tt0002893	6	8
tt0002894	5.5	8
tt0002897	5.8	36
tt0002898	6.9	98
tt0002902	4.6	12
tt0002910	6.1	68
tt0002917	5.7	23
tt0002919	4.7	58
tt0002921	4	10
tt0002922	5.1	45
tt0002950	6	5
tt0002956	5	40
tt0002968	5	6
tt0002973	5.6	7
tt0002983	6	391
tt0002985	6.2	287
tt0002990	5.5	125
tt0002996	3.6	17
tt0002999	5.8	16
tt0003001	5	11
tt0003006	6.2	12
tt0003014	7.1	949
tt0003015	4.5	42
tt0003016	5.5	76
tt0003022	5.6	49
tt0003035	6	9
tt0003037	7	1350
tt0003044	5.5	14
tt0003046	6.8	48
tt0003054	6.1	16
tt0003057	5.6	7
tt0003059	5.9	28
tt0003065	5.5	78
tt0003073	5	38
tt0003075	6	22
tt0003078	7	12
tt0003083	4.1	7
tt0003093	6.2	12
tt0003102	6.2	100
tt0003104	5.7	250
tt0003106	5.6	79
tt0003111	6.6	5
tt0003112	6.4	7
tt0003131	6.5	124
tt0003133	5.7	12
tt0003156	5.7	11
tt0003158	6.5	11
tt0003159	5.9	18
tt0003165	7	1050
tt0003167	5.8	188
tt0003170	6.4	715
tt0003177	4.5	117
tt0003207	5	6
tt0003208	4.2	5
tt0003212	5.1	15
tt0003214	6.2	220
tt0003215	5.7	10
tt0003226	4.9	11
tt0003228	5.8	5
tt0003235	5.8	20
tt0003238	5.4	110
tt0003241	5.2	9
tt0003242	8.1	10
tt0003249	6.9	10
tt0003265	4.6	67
tt0003268	5.2	5
tt0003278	7.4	9
tt0003288	5.8	13
tt0003301	6	32
tt0003309	4.8	17
tt0003310	5.5	41
tt0003311	6.2	315
tt0003316	6.9	9
tt0003317	7.3	13
tt0003323	6.4	23
tt0003330	6.3	88
tt0003337	5.8	30
tt0003345	5.8	13
tt0003355	4.8	9
tt0003360	5.4	86
tt0003362	5.2	10
tt0003365	4.7	7
tt0003379	3.8	8
tt0003386	7.7	10
tt0003399	5	244
tt0003401	5.4	12
tt0003410	5.8	6
tt0003417	5	34
tt0003419	6.5	1770
tt0003424	7.3	1293
tt0003427	5.9	27
tt0003431	6.2	6
tt0003436	5.5	72
tt0003438	5.8	19
tt0003441	6	10
tt0003442	6	9
tt0003451	5.1	9
tt0003454	4.6	9
tt0003460	6.7	50
tt0003468	4.3	23
tt0003471	6	553
tt0003484	5.8	6
tt0003489	6.2	474
tt0003497	5.8	16
tt0003499	7.4	18
tt0003500	6.9	7
tt0003502	5.6	22
tt0003508	6.4	8
tt0003512	5.1	125
tt0003513	4.4	5
tt0003516	4.9	38
tt0003520	5.2	6
tt0003526	5.7	32
tt0003536	4.8	8
tt0003540	5.6	27
tt0003545	5.6	14
tt0003552	7.4	5
tt0003565	5.9	21
tt0003578	5.9	9
tt0003584	6.9	12
tt0003585	7	10
tt0003587	5.7	18
tt0003588	5.4	7
tt0003589	6.8	8
tt0003590	7.4	5
tt0003591	6.1	10
tt0003595	4.1	10
tt0003596	6.1	46
tt0003598	5	8
tt0003599	7.1	7
tt0003600	6.4	10
tt0003609	5	7
tt0003615	5.8	108
tt0003616	4.7	6
tt0003617	3.1	11
tt0003618	6.9	19
tt0003625	6	12
tt0003630	4.9	16
tt0003632	6.3	6
tt0003637	6.4	379
tt0003638	7	7
tt0003641	5.4	9
tt0003643	6.4	1105
tt0003657	6.5	144
tt0003660	3.6	5
tt0003662	6.1	728
tt0003665	6.3	51
tt0003668	5.7	11
tt0003670	6.6	20
tt0003675	6.3	11
tt0003679	5.5	1401
tt0003692	6.8	9
tt0003698	6.3	29
tt0003699	4.5	22
tt0003724	5.9	16
tt0003731	4.8	10
tt0003733	4.8	959
tt0003734	5.3	216
tt0003735	5.6	18
tt0003740	7.1	3075
tt0003743	5.2	27
tt0003750	5.1	9
tt0003751	6	36
tt0003758	5.8	1178
tt0003760	5.8	818
tt0003772	6	929
tt0003777	5	13
tt0003803	6.6	29
tt0003804	6.5	6
tt0003805	5.5	1137
tt0003812	6.8	5
tt0003813	4.9	74
tt0003815	7.4	5
tt0003816	5.1	10
tt0003819	7.3	16
tt0003823	7.1	34
tt0003828	5.7	19
tt0003838	6.2	18
tt0003839	6.6	300
tt0003854	3.7	19
tt0003855	6.4	74
tt0003860	5.1	74
tt0003863	6	885
tt0003869	5.3	11
tt0003876	6.1	43
tt0003883	7.5	303
tt0003884	6.7	74
tt0003886	6.6	8
tt0003890	6	18
tt0003897	6.4	50
tt0003923	5.2	905
tt0003930	6.9	1162
tt0003934	5.5	833
tt0003943	4.6	36
tt0003948	4.3	17
tt0003949	5.3	160
tt0003952	6.9	931
tt0003960	5.6	19
tt0003961	5.7	1347
tt0003965	7	13
tt0003969	5.3	185
tt0003972	4.7	7
tt0003973	5.8	202
tt0003978	4.3	6
tt0003980	5.6	8
tt0003982	5	7
tt0003996	6.7	11
tt0003998	5.7	29
tt0004002	6.3	21
tt0004007	5.7	704
tt0004008	7.2	2912
tt0004011	5.6	746
tt0004013	5	20
tt0004016	4	6
tt0004022	6.2	42
tt0004026	6.8	1040
tt0004027	6	11
tt0004028	4	18
tt0004030	8.7	10
tt0004039	5.5	107
tt0004047	7.4	5
tt0004052	7	81
tt0004057	6.3	9
tt0004060	5.5	95
tt0004064	5.3	14
tt0004065	5.5	43
tt0004066	7	503
tt0004074	5.8	214
tt0004091	5.1	954
tt0004099	5.2	415
tt0004100	6	854
tt0004101	6	1086
tt0004102	5.4	754
tt0004108	6.3	714
tt0004121	5.5	57
tt0004125	3.2	6
tt0004134	6.6	457
tt0004146	7.3	12
tt0004150	5.8	402
tt0004154	4.9	7
tt0004164	3	22
tt0004167	7.5	6
tt0004168	5.2	12
tt0004176	6.8	5
tt0004179	5.2	25
tt0004181	6.1	1240
tt0004182	6.9	48
tt0004189	5.8	2631
tt0004193	4.7	30
tt0004194	5.8	1148
tt0004196	5.7	35
tt0004199	4.5	14
tt0004205	6.7	6
tt0004207	5.2	10
tt0004208	5.2	5
tt0004209	6.5	46
tt0004210	5.8	1286
tt0004212	5.5	187
tt0004219	5.4	5
tt0004223	6.7	41
tt0004229	8.2	5
tt0004235	5.6	15
tt0004238	6	8
tt0004243	4.4	39
tt0004248	5.8	6
tt0004249	4.9	7
tt0004253	6.4	9
tt0004260	7.1	8
tt0004268	4.5	15
tt0004272	5.9	8
tt0004277	5.7	776
tt0004279	5.6	311
tt0004280	5.5	829
tt0004282	5.7	1124
tt0004284	5.6	1376
tt0004286	5.2	273
tt0004288	5.5	1786
tt0004294	6.7	6
tt0004295	7.8	24
tt0004307	6	6
tt0004311	6	1189
tt0004313	4.9	11
tt0004316	5.7	23
tt0004319	5.3	14
tt0004323	6.8	6
tt0004325	5.1	14
tt0004328	5.2	17
tt0004336	5.7	22
tt0004345	4.4	7
tt0004363	6.8	8
tt0004367	5.5	11
tt0004369	6.1	17
tt0004371	6.8	9
tt0004374	4.2	8
tt0004381	1.8	11
tt0004382	5.5	6
tt0004384	4.9	8
tt0004387	5.5	23
tt0004390	5.7	87
tt0004391	6.4	28
tt0004393	6.7	90
tt0004395	6.2	882
tt0004398	1.5	10
tt0004399	6.4	14
tt0004403	6.9	13
tt0004408	5.4	91
tt0004413	6.4	314
tt0004415	5.4	10
tt0004426	6.1	8
tt0004442	4.7	39
tt0004457	5.5	382
tt0004465	6.3	939
tt0004475	5.1	17
tt0004499	5.8	701
tt0004518	5.1	929
tt0004525	5.8	34
tt0004526	4.8	6
tt0004536	5.4	20
tt0004537	5.5	16
tt0004545	3.1	22
tt0004546	6.3	1442
tt0004555	6	41
tt0004558	4.9	11
tt0004562	5.8	23
tt0004571	6	18
tt0004573	5.3	9
tt0004593	6	36
tt0004600	6.7	30
tt0004630	6.2	53
tt0004635	5.7	879
tt0004637	5.4	785
tt0004643	4.7	7
tt0004646	5.6	11
tt0004651	5.6	8
tt0004662	5.6	22
tt0004670	5.3	1097
tt0004674	7.1	31
tt0004681	6.1	178
tt0004690	6.2	6
tt0004691	4.6	29
tt0004693	5.5	891
tt0004707	6.3	3250
tt0004712	6.3	165
tt0004727	1.9	13
tt0004728	3.4	12
tt0004730	8	162
tt0004736	5.8	1092
tt0004740	5	16
tt0004743	5.3	112
tt0004757	6.9	7
tt0004766	5.6	174
tt0004792	6.3	11
tt0004821	8.7	6
tt0004825	6.4	243
tt0004832	6.3	10
tt0004836	5.2	72
tt0004837	6.7	14
tt0004838	5.7	138
tt0004846	5.3	24
tt0004847	4.5	14
tt0004849	6.4	30
tt0004853	7.5	13
tt0004866	4	8
tt0004869	4.5	15
tt0004870	5.1	62
tt0004872	6.6	206
tt0004873	6.2	394
tt0004887	4.9	28
tt0004888	4.9	35
tt0004889	5.5	26
tt0004891	6	8
tt0004897	4.7	7
tt0004905	5.7	26
tt0004907	7.6	23
tt0004908	5.9	17
tt0004913	5.3	6
tt0004923	8.2	5
tt0004924	6.4	5
tt0004936	6.7	1729
tt0004942	3.3	6
tt0004961	6.3	9
tt0004968	4.6	18
tt0004971	5.5	115
tt0004972	6.3	22214
tt0004974	3.3	11
tt0004979	6	5
tt0005003	6	6
tt0005005	6.2	15
tt0005026	5.7	37
tt0005034	6	8
tt0005040	6.8	8
tt0005041	6.6	49
tt0005044	5.8	1509
tt0005046	7.6	5
tt0005047	5.3	37
tt0005049	7	6
tt0005050	5.3	7
tt0005053	6.1	16
tt0005054	6.5	20
tt0005059	6.4	76
tt0005060	6.4	895
tt0005061	5.2	18
tt0005062	4.8	9
tt0005068	5.3	30
tt0005074	6.8	2048
tt0005076	6.7	44
tt0005077	6	1446
tt0005078	6.6	2305
tt0005084	6.5	77
tt0005087	3.8	10
tt0005098	4	8
tt0005108	4.9	16
tt0005114	5.1	67
tt0005124	6	6
tt0005147	5.3	105
tt0005149	6	245
tt0005160	5.1	8
tt0005161	5.6	12
tt0005163	6.7	13
tt0005172	6.3	13
tt0005179	5.9	26
tt0005180	7.3	15
tt0005190	7.4	12
tt0005192	6.5	10
tt0005193	7.1	7
tt0005195	4.9	13
tt0005196	7.4	30
tt0005198	6	279
tt0005199	5.5	87
tt0005200	6.9	28
tt0005204	5.8	100
tt0005205	5.2	111
tt0005208	7	8
tt0005209	5.7	10
tt0005211	3.8	6
tt0005214	5	20
tt0005220	5.7	128
tt0005228	5.7	12
tt0005231	2.8	19
tt0005232	6.5	12
tt0005235	4.3	6
tt0005246	6.4	87
tt0005250	6.6	8
tt0005302	6.4	47
tt0005309	5.6	178
tt0005310	5.7	227
tt0005312	5.6	147
tt0005313	6	225
tt0005314	5.6	238
tt0005315	6.1	188
tt0005316	5.9	73
tt0005317	6.2	330
tt0005336	5.4	340
tt0005339	5.8	783
tt0005352	5.6	8
tt0005353	7.3	25
tt0005354	5.6	150
tt0005363	6.9	10
tt0005368	5.3	9
tt0005377	6.3	11
tt0005381	5.3	30
tt0005384	7.1	19
tt0005386	5.8	6
tt0005392	8	7
tt0005393	5.3	32
tt0005402	6.4	187
tt0005405	6	5
tt0005411	2	10
tt0005414	6.7	228
tt0005419	7.2	6
tt0005431	6.4	11
tt0005434	4	5
tt0005435	4.2	9
tt0005436	5.2	108
tt0005437	4.8	36
tt0005443	5	55
tt0005444	5.2	90
tt0005446	6.3	22
tt0005458	7.6	10
tt0005460	5.3	45
tt0005475	4.6	72
tt0005481	6	10
tt0005482	4.9	8
tt0005488	5.9	7
tt0005489	6.2	1602
tt0005490	6.3	6
tt0005496	7.2	6
tt0005498	5.3	6
tt0005502	5.5	12
tt0005513	3.6	17
tt0005514	3.4	16
tt0005522	6	27
tt0005529	6.8	268
tt0005530	7.8	5
tt0005535	7.2	27
tt0005542	5.7	1374
tt0005545	7.9	10
tt0005547	4.6	5
tt0005551	7.1	20
tt0005553	4.1	9
tt0005556	6.1	10
tt0005557	6.6	293
tt0005561	7.7	6
tt0005562	3.7	15
tt0005566	6.6	9
tt0005571	6	1117
tt0005574	6.8	20
tt0005579	6.1	16
tt0005582	5.5	8
tt0005586	6.5	25
tt0005589	6.2	16
tt0005590	6.2	66
tt0005592	6.6	7
tt0005600	5.6	42
tt0005604	5.4	10
tt0005613	6.3	9
tt0005615	6.5	29
tt0005621	7.1	38
tt0005622	6.6	149
tt0005644	7	8
tt0005654	5.2	130
tt0005656	5.6	33
tt0005660	5.2	118
tt0005661	6.1	102
tt0005663	6.2	6
tt0005667	1.1	10
tt0005674	5.2	22
tt0005675	5.6	88
tt0005676	5.9	203
tt0005677	5.9	204
tt0005678	5.8	216
tt0005679	5.3	184
tt0005680	5.9	130
tt0005682	5.4	54
tt0005683	5.9	38
tt0005700	5.9	16
tt0005703	5.5	64
tt0005719	5.6	139
tt0005731	5.9	33
tt0005733	6	8
tt0005739	6.7	13
tt0005746	5	8
tt0005753	5.2	91
tt0005756	7.2	10
tt0005758	7.5	13
tt0005771	6.5	10
tt0005772	5.3	9
tt0005774	5.4	11
tt0005780	7.4	8
tt0005802	2.1	12
tt0005808	5.5	19
tt0005809	6.1	300
tt0005810	6	1502
tt0005811	5.9	7
tt0005812	6.5	1723
tt0005823	6.9	23
tt0005831	7	9
tt0005832	5.8	43
tt0005838	4.1	27
tt0005845	5.6	23
tt0005864	5.7	167
tt0005869	4.8	8
tt0005871	7.4	11
tt0005875	5.6	36
tt0005878	4.8	6
tt0005879	7.4	9
tt0005891	4.9	86
tt0005901	5.1	7
tt0005905	6.8	12
tt0005910	5.5	951
tt0005915	6.4	36
tt0005916	6.9	794
tt0005922	7.8	6
tt0005928	5.5	17
tt0005930	5.3	9
tt0005931	6.7	21
tt0005939	5.1	16
tt0005945	8	20
tt0005951	6.9	598
tt0005955	5.6	77
tt0005956	8.5	6
tt0005960	6.8	1110
tt0005962	6	32
tt0005974	6.8	14
tt0005978	4.7	19
tt0005984	6.9	10
tt0005987	6.8	6
tt0005992	6	22
tt0005994	7.4	8
tt0005997	5.8	11
tt0005998	4.9	11
tt0005999	5	14
tt0006007	7	8
tt0006008	6.2	23
tt0006026	5.3	49
tt0006032	6.3	1321
tt0006036	5.6	5
tt0006041	6.5	6
tt0006047	5	5
tt0006062	5.2	16
tt0006063	4.2	10
tt0006088	5.7	6
tt0006101	7.5	10
tt0006102	5.4	46
tt0006115	5.3	142
tt0006119	6.5	16
tt0006128	6.4	5
tt0006134	5.8	17
tt0006140	6	9
tt0006144	2.5	13
tt0006145	5.4	181
tt0006150	4.7	28
tt0006157	3.7	15
tt0006158	5.8	6
tt0006160	8.3	25
tt0006177	7	2929
tt0006182	6	82
tt0006194	5.4	5
tt0006201	2.4	14
tt0006202	5	8
tt0006204	5.8	8
tt0006206	7.3	4166
tt0006210	5.9	9
tt0006213	3	15
tt0006215	5.2	40
tt0006217	7	5
tt0006229	3.2	6
tt0006238	7.2	24
tt0006241	7.6	14
tt0006243	5.2	11
tt0006258	5.7	28
tt0006262	5.7	71
tt0006276	6.4	20
tt0006279	1.1	10
tt0006280	1.1	10
tt0006283	6.7	17
tt0006288	7.2	5
tt0006291	7.7	13
tt0006293	5.4	25
tt0006296	5.4	130
tt0006299	7.3	9
tt0006309	6.5	1565
tt0006313	6.3	1438
tt0006318	5.3	12
tt0006327	5.9	151
tt0006331	6	8
tt0006332	6.6	5
tt0006333	6.2	1503
tt0006339	4.8	17
tt0006343	5.2	8
tt0006349	5.8	255
tt0006350	4.7	11
tt0006354	5	34
tt0006357	6.4	70
tt0006358	7	12
tt0006359	6.1	67
tt0006363	6.7	10
tt0006373	6.5	11
tt0006375	6.9	21
tt0006385	6.7	10
tt0006386	6.5	30
tt0006397	5.7	36
tt0006399	5.7	51
tt0006402	6	6
tt0006405	6.7	362
tt0006409	7.8	55
tt0006413	5.6	7
tt0006414	7	2380
tt0006417	5.8	6
tt0006419	4.5	11
tt0006426	5.3	13
tt0006434	4.8	5
tt0006436	5.8	10
tt0006437	6.8	12
tt0006444	5.5	46
tt0006446	5.3	46
tt0006449	5.6	104
tt0006451	5.9	45
tt0006453	4.7	17
tt0006454	5.7	17
tt0006455	5.7	43
tt0006456	6.9	16
tt0006457	5.4	21
tt0006481	6.1	52
tt0006482	6.4	80
tt0006484	4.3	6
tt0006489	5.2	18
tt0006494	6.1	142
tt0006505	7	9
tt0006508	7.3	37
tt0006509	4.5	559
tt0006511	6	48
tt0006517	6	283
tt0006547	7.8	73
tt0006548	6.6	1942
tt0006552	5.8	6
tt0006553	6.2	6
tt0006554	5.6	5
tt0006557	6.6	8
tt0006562	5.9	148
tt0006564	5.9	51
tt0006568	7.1	34
tt0006570	5.9	7
tt0006580	5	8
tt0006588	6.2	6
tt0006589	6.8	123
tt0006592	6.2	53
tt0006593	4.9	58
tt0006598	6	7
tt0006600	3.8	14
tt0006601	4.1	9
tt0006603	5.3	6
tt0006605	7.6	7
tt0006614	6.4	96
tt0006617	6.1	200
tt0006621	5.8	16
tt0006623	5.2	5
tt0006631	6.2	12
tt0006636	4.4	5
tt0006637	6.7	10
tt0006638	9.2	5
tt0006641	4	7
tt0006642	6	5
tt0006645	4.9	14
tt0006653	6.5	11
tt0006664	5.3	64
tt0006666	6.4	21
tt0006668	6.7	391
tt0006673	3.8	13
tt0006679	4.7	10
tt0006684	6.6	2230
tt0006688	6.4	143
tt0006689	6.6	2056
tt0006692	5	12
tt0006699	5.7	11
tt0006703	5.9	42
tt0006706	6	17
tt0006707	5.4	5
tt0006713	6.1	22
tt0006714	6.2	5
tt0006726	6.2	20
tt0006731	5.3	609
tt0006736	6.6	166
tt0006745	5.7	479
tt0006751	6.2	45
tt0006753	6.6	147
tt0006761	6.1	49
tt0006764	6.3	229
tt0006766	6.6	7
tt0006770	6.3	9
tt0006773	6.2	26
tt0006780	6.8	836
tt0006782	4.6	81
tt0006796	5.9	13
tt0006801	5.4	146
tt0006803	6.7	6
tt0006809	5.9	127
tt0006813	6.7	27
tt0006819	6.3	35
tt0006820	6.1	75
tt0006826	5.6	837
tt0006829	4.7	7
tt0006831	5.9	9
tt0006835	4.2	21
tt0006836	2.1	10
tt0006843	3.8	5
tt0006846	5.7	20
tt0006847	6.2	9
tt0006859	7.2	15
tt0006861	6.4	42
tt0006863	6	8
tt0006864	7.7	13878
tt0006865	6.1	10
tt0006867	6.3	21
tt0006874	7	8
tt0006886	7.4	867
tt0006893	4.3	15
tt0006895	5.6	64
tt0006902	5.7	42
tt0006913	6.6	14
tt0006914	5.8	28
tt0006917	3.8	14
tt0006932	6.8	30
tt0006942	7	13
tt0006943	5.7	18
tt0006952	4.5	24
tt0006963	3.9	46
tt0006978	5.1	253
tt0006991	4	14
tt0006995	6.5	16
tt0006997	6	83
tt0007003	5.5	70
tt0007005	5.4	14
tt0007009	4.2	8
tt0007012	4.9	15
tt0007019	4.6	5
tt0007023	4.6	14
tt0007031	6.5	63
tt0007034	7.8	11
tt0007038	6.8	11
tt0007042	4.2	6
tt0007047	6	574
tt0007049	6.4	52
tt0007061	4.8	8
tt0007070	4.9	7
tt0007098	6.1	87
tt0007100	7	20
tt0007107	5.8	15
tt0007108	6.9	814
tt0007110	6.8	12
tt0007111	6.1	7
tt0007116	6.2	13
tt0007117	5.1	9
tt0007118	7	27
tt0007120	7	15
tt0007136	6.1	53
tt0007142	6.9	16
tt0007145	7.1	2872
tt0007146	6	8
tt0007151	7.6	38
tt0007160	7.4	8
tt0007162	7.1	2999
tt0007165	6.8	5
tt0007167	4.9	14
tt0007177	4.5	95
tt0007183	7	610
tt0007184	5.8	9
tt0007188	6.2	15
tt0007194	6.5	1547
tt0007197	4.4	10
tt0007201	6.5	10
tt0007202	6.2	56
tt0007208	5.3	61
tt0007220	6	7
tt0007240	6.5	35
tt0007246	3.9	8
tt0007248	6.7	7
tt0007250	5.9	7
tt0007254	9	8
tt0007255	4.8	9
tt0007257	4.7	564
tt0007259	4.6	5
tt0007260	6.5	141
tt0007263	6.3	17
tt0007264	7.1	3201
tt0007271	6	7
tt0007272	7.1	11
tt0007278	6.3	13
tt0007279	5.3	28
tt0007297	6.3	18
tt0007303	7.2	6
tt0007308	4.9	10
tt0007309	5.6	183
tt0007313	5.7	9
tt0007317	5.3	6
tt0007338	6.4	313
tt0007340	6.8	342
tt0007353	5.8	13
tt0007361	6.2	349
tt0007367	5.3	509
tt0007368	6.6	78
tt0007375	2.8	13
tt0007380	8.2	5
tt0007407	6.1	9
tt0007410	4.8	10
tt0007413	5.6	85
tt0007422	5.8	25
tt0007433	6.7	467
tt0007439	5.4	144
tt0007453	7.2	25
tt0007454	6.1	25
tt0007459	6.6	91
tt0007462	6.7	13
tt0007464	5.5	10
tt0007473	7.1	17
tt0007476	5.2	926
tt0007486	8.6	5
tt0007491	5.8	10
tt0007498	6.2	12
tt0007499	3	8
tt0007506	6	9
tt0007507	6.9	2497
tt0007514	6.7	11
tt0007516	4.7	6
tt0007518	5.5	8
tt0007522	5.8	101
tt0007524	7.2	5
tt0007530	6.7	156
tt0007539	6.8	9
tt0007558	6.3	591
tt0007567	5.3	154
tt0007590	6.1	40
tt0007610	5.9	268
tt0007613	7.4	3513
tt0007614	6.6	11
tt0007617	5.7	88
tt0007618	6.6	11
tt0007620	5.4	26
tt0007623	8.2	6
tt0007624	5.5	128
tt0007626	4.6	11
tt0007646	6.7	41
tt0007647	6.1	7
tt0007660	4	5
tt0007669	6.4	12
tt0007673	5.3	10
tt0007678	6.7	7
tt0007679	5.2	9
tt0007684	6	7
tt0007686	6.5	140
tt0007690	6.6	5
tt0007698	5.1	48
tt0007699	5.5	15
tt0007702	6.9	21
tt0007709	5.2	110
tt0007711	8	37
tt0007713	6	5
tt0007715	5.6	42
tt0007718	6.1	38
tt0007720	5.9	135
tt0007725	4.2	11
tt0007726	5.7	15
tt0007728	5.7	41
tt0007730	6.1	42
tt0007755	6	468
tt0007761	6.3	1349
tt0007762	4.6	5
tt0007764	6	237
tt0007765	4.7	12
tt0007769	8	5
tt0007774	5.6	7
tt0007778	6.8	10
tt0007791	4.5	22
tt0007794	5.4	8
tt0007795	7.1	30
tt0007801	6.5	298
tt0007802	5.8	153
tt0007809	4.2	27
tt0007811	6.7	11
tt0007812	5.5	20
tt0007814	6.4	7
tt0007819	6.3	1444
tt0007825	6.6	38
tt0007832	7.2	3071
tt0007834	7.1	7
tt0007839	6.8	5
tt0007854	6.2	12
tt0007857	7.2	8
tt0007865	6.4	7
tt0007867	6.7	18
tt0007873	6.3	44
tt0007880	7.5	4686
tt0007891	3.8	5
tt0007903	6.8	12
tt0007910	6.9	40
tt0007927	7.1	14
tt0007931	7	27
tt0007933	5.6	5
tt0007942	5	25
tt0007952	7	7
tt0007956	6.1	68
tt0007958	6.1	17
tt0007963	7.2	8
tt0007983	6.1	129
tt0007984	4.4	12
tt0007986	5.5	13
tt0007992	6.6	45
tt0007998	6.8	17
tt0008004	6.3	6
tt0008010	6	9
tt0008011	6.1	135
tt0008022	4.7	10
tt0008024	6.6	24
tt0008028	8.4	5
tt0008029	6.1	16
tt0008031	5.2	9
tt0008036	6.6	10
tt0008039	4.6	12
tt0008040	6.4	5
tt0008041	7	17
tt0008043	6	5
tt0008047	4	5
tt0008057	6	5
tt0008060	5.5	71
tt0008072	5.7	14
tt0008075	6.5	21
tt0008086	5.9	66
tt0008091	6	7
tt0008099	5.8	91
tt0008100	6.5	585
tt0008112	6	891
tt0008122	6.8	31
tt0008130	6	5
tt0008133	7.7	7316
tt0008134	6.6	10
tt0008144	5.2	16
tt0008148	6.2	5
tt0008150	6.5	501
tt0008151	4.2	6
tt0008159	6.9	31
tt0008161	6.2	57
tt0008163	3.5	12
tt0008164	3.8	13
tt0008175	6	7
tt0008176	6.9	16
tt0008177	6.9	8
tt0008179	6.4	8
tt0008188	5.9	608
tt0008195	4	7
tt0008196	5.7	638
tt0008207	5.3	7
tt0008212	5.6	128
tt0008217	6.9	13
tt0008232	6.1	11
tt0008234	5	12
tt0008241	6.2	10
tt0008252	6.4	88
tt0008259	6.5	43
tt0008260	5	7
tt0008266	6	8
tt0008271	4.4	30
tt0008279	6.4	109
tt0008281	8.1	17
tt0008285	5.8	10
tt0008305	6.2	17
tt0008309	6.7	257
tt0008319	6.1	76
tt0008329	5.8	74
tt0008331	4.7	62
tt0008338	4.6	36
tt0008348	4.8	12
tt0008353	6	11
tt0008355	6.2	22
tt0008359	6.1	26
tt0008361	4.9	12
tt0008362	7	59
tt0008371	6.7	24
tt0008372	6.6	23
tt0008374	6.4	28
tt0008377	5.9	794
tt0008381	8.8	93
tt0008387	1.1	9
tt0008389	5.6	25
tt0008394	6.6	7
tt0008395	7.1	459
tt0008401	5.3	102
tt0008402	5	7
tt0008411	5.9	22
tt0008416	6	10
tt0008426	7.8	6
tt0008431	6.9	11
tt0008432	4.9	10
tt0008442	7.5	41
tt0008443	6.7	1266
tt0008458	6.5	85
tt0008476	5.9	13
tt0008489	6.4	130
tt0008491	5.1	9
tt0008493	4.7	33
tt0008496	6.8	6
tt0008498	6.3	80
tt0008499	6.1	770
tt0008500	6.1	176
tt0008502	1.8	9
tt0008510	6	6
tt0008519	5.7	727
tt0008521	5	5
tt0008523	5.6	1114
tt0008526	8.6	80
tt0008528	9.1	9
tt0008535	6.6	5
tt0008536	6.9	147
tt0008539	5.7	15
tt0008541	5.4	78
tt0008543	6.8	13
tt0008544	7.2	15
tt0008547	4.6	22
tt0008549	6.1	8
tt0008550	6.2	98
tt0008551	5	32
tt0008558	4.8	12
tt0008560	6.2	5
tt0008561	6.3	85
tt0008562	4.4	10
tt0008565	6.4	8
tt0008571	6.6	64
tt0008579	5.7	9
tt0008599	6.1	7
tt0008605	4.6	20
tt0008608	7	27
tt0008614	7.9	7
tt0008620	5	5
tt0008623	7.2	13
tt0008628	5.5	31
tt0008634	6.2	372
tt0008636	4.6	9
tt0008638	3.3	10
tt0008639	5.9	125
tt0008650	4.6	5
tt0008651	3.8	12
tt0008652	6	109
tt0008657	5.9	19
tt0008658	4.8	12
tt0008662	5.4	37
tt0008663	7.4	1509
tt0008666	6.7	6
tt0008670	5.5	60
tt0008672	6	189
tt0008677	5.4	5
tt0008679	4.8	481
tt0008687	6.1	140
tt0008688	7.6	127
tt0008690	5.6	31
tt0008692	5.5	23
tt0008696	6.8	15
tt0008698	6.1	10
tt0008706	5.9	11
tt0008710	6.7	148
tt0008720	5.6	7
tt0008723	6.5	56
tt0008725	5.9	31
tt0008730	6.4	24
tt0008731	7.2	5
tt0008735	5.8	26
tt0008742	6.8	12
tt0008745	4.2	13
tt0008753	6.8	8
tt0008759	5.8	9
tt0008761	3.2	14
tt0008764	5.8	33
tt0008775	6.4	557
tt0008783	6.8	8
tt0008784	6	8
tt0008786	6.5	63
tt0008787	6.2	8
tt0008797	6.3	10
tt0008800	6.7	96
tt0008804	4.4	14
tt0008806	4.7	12
tt0008807	6.7	83
tt0008808	5.3	6
tt0008810	5	17
tt0008811	5	161
tt0008817	1.3	9
tt0008821	2.8	6
tt0008822	6.1	69
tt0008825	5.7	15
tt0008826	5.5	31
tt0008827	5.8	740
tt0008832	5.7	13
tt0008836	5.6	16
tt0008843	5.9	123
tt0008844	6.2	278
tt0008845	5.7	7
tt0008848	4.6	40
tt0008854	5.5	554
tt0008855	5.9	9
tt0008860	4.6	24
tt0008865	6.9	8
tt0008866	5.1	28
tt0008874	6.7	1083
tt0008876	7.7	34
tt0008879	7.3	1518
tt0008882	7.1	15
tt0008884	6.4	129
tt0008891	7	782
tt0008892	6	75
tt0008895	5.4	36
tt0008899	6.4	52
tt0008901	5.7	38
tt0008902	6	11
tt0008903	4.8	5
tt0008905	4.1	8
tt0008906	3.7	7
tt0008907	5.5	932
tt0008915	7.7	7
tt0008918	6.3	21
tt0008919	6.2	11
tt0008923	6.1	9
tt0008930	6	116
tt0008933	6.2	12
tt0008939	8.4	31
tt0008947	2.1	10
tt0008950	6	267
tt0008951	5.3	9
tt0008952	7.2	16
tt0008955	8.8	96
tt0008957	4.4	16
tt0008961	6	168
tt0008972	6.7	16
tt0008975	6.5	1359
tt0008978	4.9	58
tt0008979	7	12
tt0008983	4.2	12
tt0008984	7	31
tt0008990	6.6	13
tt0008998	7.4	10
tt0009001	6.4	7
tt0009014	5.9	134
tt0009015	5.1	64
tt0009017	6.9	9
tt0009018	7.8	7247
tt0009020	6.7	10
tt0009026	6.4	91
tt0009045	5.4	81
tt0009046	5.5	8
tt0009047	6.6	32
tt0009051	6.7	13
tt0009062	6.2	515
tt0009063	6.8	6
tt0009071	5.5	58
tt0009079	6.6	24
tt0009082	5.6	21
tt0009086	5.4	281
tt0009088	6	99
tt0009092	5.8	6
tt0009096	5.7	27
tt0009099	6.4	122
tt0009104	7	43
tt0009105	6	237
tt0009109	6.4	83
tt0009116	8.2	5
tt0009123	6.1	960
tt0009125	4.5	17
tt0009128	6.7	12
tt0009130	7	52
tt0009131	2.1	9
tt0009133	7	63
tt0009136	6.5	13
tt0009137	7.4	16
tt0009142	6.2	45
tt0009143	7.7	7
tt0009144	4.8	34
tt0009145	5.8	69
tt0009150	6.4	907
tt0009153	6.1	112
tt0009170	5.3	7
tt0009171	6	128
tt0009176	7	6
tt0009179	5.4	33
tt0009185	5.9	9
tt0009193	5.9	14
tt0009198	5.5	6
tt0009204	6.6	12
tt0009205	7	12
tt0009208	8.2	5
tt0009209	6.8	12
tt0009212	5.8	9
tt0009214	5.8	58
tt0009220	6.3	10
tt0009233	5.4	10
tt0009234	4.7	12
tt0009240	5.9	15
tt0009241	5.1	594
tt0009246	5.7	242
tt0009247	4.4	12
tt0009249	4	9
tt0009252	6.3	21
tt0009257	6	8
tt0009259	4.2	6
tt0009273	6.8	58
tt0009278	7	8
tt0009279	5.4	11
tt0009286	3.8	9
tt0009289	7.4	9
tt0009302	6.6	9
tt0009304	5.2	12
tt0009305	6.6	10
tt0009306	7.1	44
tt0009309	6.5	34
tt0009316	6.6	153
tt0009322	4.6	14
tt0009325	6	16
tt0009326	6.5	119
tt0009334	6.6	8
tt0009356	5.2	616
tt0009358	6.2	8
tt0009359	5.4	17
tt0009369	5.9	1061
tt0009376	6.4	8
tt0009389	5.8	633
tt0009400	6.7	13
tt0009405	6.5	26
tt0009406	5.9	35
tt0009415	6.9	9
tt0009416	4.6	12
tt0009419	5.9	17
tt0009420	6.4	33
tt0009423	6.1	8
tt0009425	6.8	10
tt0009430	4.4	5
tt0009431	6	7
tt0009434	5.6	237
tt0009436	6.9	17
tt0009440	6.4	178
tt0009445	7	21
tt0009454	6.6	7
tt0009466	6.3	891
tt0009470	6.7	9
tt0009471	5.4	7
tt0009475	4.4	484
tt0009480	6.3	16
tt0009483	6.9	9
tt0009492	7	19
tt0009494	4.7	29
tt0009502	8.4	5
tt0009522	5.8	97
tt0009523	6.8	11
tt0009527	6.8	8
tt0009544	7	24
tt0009546	5.4	18
tt0009547	7	7
tt0009549	7.1	8
tt0009550	7	23
tt0009551	6.7	7
tt0009554	5.7	6
tt0009557	5.8	5
tt0009558	4.4	31
tt0009559	6.1	341
tt0009560	6.5	28
tt0009561	6	7
tt0009563	4.1	27
tt0009568	6.9	37
tt0009573	6.3	27
tt0009575	8.1	9
tt0009578	2.4	11
tt0009580	4	27
tt0009587	5	7
tt0009588	4	7
tt0009596	5.7	9
tt0009600	5.2	12
tt0009601	5.5	6
tt0009604	5.6	7
tt0009608	5.1	697
tt0009610	6.7	10
tt0009611	7.3	5897
tt0009619	5.5	8
tt0009620	6.8	996
tt0009622	4.8	12
tt0009629	5.6	88
tt0009630	7.3	11
tt0009631	4.1	14
tt0009637	6.7	9
tt0009650	5.8	26
tt0009651	6.5	20
tt0009652	6.7	1360
tt0009659	6.1	15
tt0009666	7	7
tt0009676	5.8	22
tt0009677	6.9	14
tt0009678	6.5	400
tt0009682	5.7	685
tt0009689	6	32
tt0009690	4.4	28
tt0009694	6.5	83
tt0009696	4.4	30
tt0009700	5	8
tt0009701	7	309
tt0009702	5.9	9
tt0009720	6.8	6
tt0009721	6.4	17
tt0009732	5.6	264
tt0009737	5.9	109
tt0009741	5.8	5
tt0009750	4.4	17
tt0009754	4.7	12
tt0009757	6.9	39
tt0009764	6.1	16
tt0009765	5.1	12
tt0009766	5.5	13
tt0009771	4.7	16
tt0009781	7.7	6
tt0009789	6.1	8
tt0009790	5.8	6
tt0009796	6.8	262
tt0009801	6.5	6
tt0009803	5.2	5
tt0009806	6.2	58
tt0009811	4.8	30
tt0009825	5.9	24
tt0009827	5.5	11
tt0009829	5.1	18
tt0009833	5.3	11
tt0009837	4.3	30
tt0009842	6.5	10
tt0009851	9.3	6
tt0009852	7.2	5
tt0009853	5.7	25
tt0009857	4.3	6
tt0009858	6.5	22
tt0009859	5.1	35
tt0009861	1.9	9
tt0009878	7	1123
tt0009879	7.1	55
tt0009887	7	992
tt0009890	4.9	13
tt0009892	5.9	963
tt0009893	7.2	1633
tt0009894	7.1	168
tt0009899	6.6	1078
tt0009900	6.3	857
tt0009903	4.2	34
tt0009905	7.2	73
tt0009915	7.1	165
tt0009916	6.2	6
tt0009918	7.5	48
tt0009922	5	8
tt0009927	4.6	11
tt0009932	6	729
tt0009936	6	12
tt0009937	7	1325
tt0009944	4.2	9
tt0009946	6.3	39
tt0009949	5.8	35
tt0009950	5.4	33
tt0009960	6.6	9
tt0009968	7.3	9244
tt0009969	6.6	14
tt0009972	6	9
tt0009973	7	1053
tt0009975	6.3	7
tt0009976	5.7	631
tt0009977	5.3	109
tt0009978	4.7	49
tt0009986	6.5	342
tt0009987	6.6	8
tt0009989	6.7	21
tt0009991	6.1	9
tt0009996	6	366
tt0010002	5	8
tt0010006	4.5	51
tt0010008	8.3	37
tt0010010	7.2	8
tt0010013	6.6	45
tt0010023	5.4	44
tt0010024	6.7	6
tt0010032	6.7	9
tt0010040	6.5	1306
tt0010045	5.4	37
tt0010049	7.9	38
tt0010057	6.7	2719
tt0010058	6.3	12
tt0010059	7.4	8
tt0010060	5.9	814
tt0010061	6.9	52
tt0010071	6.6	1122
tt0010072	5.6	168
tt0010087	5.2	5
tt0010089	7.8	8
tt0010102	5.3	10
tt0010103	5.3	646
tt0010108	6.8	99
tt0010112	6	63
tt0010113	6.2	43
tt0010114	5.3	9
tt0010119	4.3	29
tt0010120	3.7	17
tt0010128	5.6	58
tt0010131	6.3	6
tt0010133	4.2	9
tt0010134	4.7	10
tt0010137	5.4	697
tt0010146	7	925
tt0010155	6.7	1171
tt0010158	5.8	8
tt0010162	6.5	203
tt0010168	5.4	10
tt0010176	6.2	9
tt0010178	6	20
tt0010180	7.2	64
tt0010181	5.7	41
tt0010183	5.3	11
tt0010186	4.2	17
tt0010189	6.1	13
tt0010190	6.6	14
tt0010193	5.8	672
tt0010195	6.8	254
tt0010198	4.4	39
tt0010199	4.1	15
tt0010200	3.6	14
tt0010201	6.3	17
tt0010203	7	57
tt0010206	6.6	46
tt0010208	5.6	553
tt0010209	6.2	9
tt0010214	4.4	11
tt0010215	6.9	17
tt0010219	3.9	368
tt0010221	5.9	686
tt0010223	7.6	5
tt0010225	4.7	7
tt0010227	5.6	510
tt0010229	5.8	12
tt0010233	5.6	116
tt0010239	8	5
tt0010244	7.2	31
tt0010247	7.3	1177
tt0010248	6.1	37
tt0010249	5.7	18
tt0010255	6.3	56
tt0010256	6.5	16
tt0010258	6.3	586
tt0010259	6.6	31
tt0010265	5.6	11
tt0010267	6.7	930
tt0010276	5	7
tt0010279	5.6	133
tt0010281	6.9	1230
tt0010284	5.6	9
tt0010292	6.8	10
tt0010298	6.9	100
tt0010307	7.7	1418
tt0010311	5.7	79
tt0010313	5.7	18
tt0010315	6.6	23
tt0010316	6.6	16
tt0010319	1	8
tt0010321	6.2	393
tt0010322	5	80
tt0010323	8.1	55617
tt0010325	5.7	10
tt0010328	6.2	53
tt0010330	7.1	37
tt0010331	6.6	11
tt0010337	4.7	11
tt0010352	5.2	14
tt0010356	6	42
tt0010357	5.9	25
tt0010358	6.3	18
tt0010375	6.9	48
tt0010382	6.2	32
tt0010386	6.7	91
tt0010391	6.8	232
tt0010402	6.4	57
tt0010404	6.4	10
tt0010408	2.9	12
tt0010412	6	5
tt0010418	7	1712
tt0010419	6.6	11
tt0010422	5.7	10
tt0010428	5	9
tt0010432	1	14
tt0010435	6.2	275
tt0010438	4.7	33
tt0010444	6.7	11
tt0010446	6.2	116
tt0010456	6	172
tt0010460	7.8	6
tt0010466	6.6	145
tt0010469	5.7	6
tt0010470	5	8
tt0010472	4.2	27
tt0010476	5.9	16
tt0010483	6.7	11
tt0010484	6.9	166
tt0010490	6.8	22
tt0010495	4.3	7
tt0010497	5.9	7
tt0010499	6.6	12
tt0010501	6	14
tt0010502	5.8	9
tt0010505	6	8
tt0010506	5.1	72
tt0010507	6.7	6
tt0010508	6.1	168
tt0010515	5.8	9
tt0010516	6.7	47
tt0010522	5.2	107
tt0010533	6.1	99
tt0010534	5.9	22
tt0010540	7.1	30
tt0010541	6.6	21
tt0010544	4.2	32
tt0010548	7.1	20
tt0010552	6.2	65
tt0010558	5.1	9
tt0010559	6.3	137
tt0010562	6.9	16
tt0010566	6.8	14
tt0010570	6.7	13
tt0010571	6.4	7
tt0010596	6.3	6
tt0010598	6.6	776
tt0010600	7.4	1670
tt0010610	5.2	18
tt0010612	7	8
tt0010614	7.6	5
tt0010616	6.7	48
tt0010622	6.7	6
tt0010628	4.8	31
tt0010629	4.2	29
tt0010630	5.5	10
tt0010632	5.3	191
tt0010635	5.2	594
tt0010640	4.1	30
tt0010641	6.8	19
tt0010648	4.3	17
tt0010651	6.7	6
tt0010654	4.7	10
tt0010656	5.6	246
tt0010662	4.9	420
tt0010668	5.2	10
tt0010674	6.2	14
tt0010680	6.3	237
tt0010690	5.9	8
tt0010692	7.7	6
tt0010694	6.8	13
tt0010703	6.7	17
tt0010708	5.8	17
tt0010714	8	5
tt0010715	6.1	12
tt0010719	7	7
tt0010720	6	7
tt0010726	6.6	1051
tt0010729	6.2	12
tt0010732	5.8	171
tt0010733	7	6
tt0010747	6.7	2620
tt0010754	6.5	43
tt0010755	6.9	157
tt0010757	7.3	219
tt0010764	6.8	16
tt0010766	7.1	24
tt0010767	6.8	44
tt0010781	2.8	10
tt0010791	6.5	62
tt0010793	6.5	11
tt0010795	7	21
tt0010799	6.2	9
tt0010806	7	1599
tt0010813	7.8	5
tt0010821	6.5	447
tt0010822	6.2	12
tt0010844	6.6	331
tt0010847	6.4	16
tt0010849	6.4	13
tt0010853	6.7	152
tt0010859	6.3	33
tt0010865	6.1	7
tt0010871	5.4	16
tt0010874	5.1	9
tt0010879	6.9	775
tt0010890	6.4	337
tt0010892	6.3	10
tt0010900	2.1	10
tt0010903	6.4	5
tt0010905	8.2	25
tt0010912	7	5
tt0010915	6.3	15
tt0010920	6.5	17
tt0010925	5.5	722
tt0010926	7	5
tt0010930	6.4	408
tt0010940	4.8	12
tt0010941	5.7	9
tt0010942	4.3	7
tt0010943	3.2	20
tt0010947	6.8	29
tt0010949	1	10
tt0010950	4.9	12
tt0010953	6.2	139
tt0010954	6.2	5
tt0010958	6.2	12
tt0010960	3.7	9
tt0010962	6.6	576
tt0010963	5	6
tt0010964	6.4	129
tt0010965	5.1	22
tt0010967	5.6	11
tt0010968	4	13
tt0010969	6.7	315
tt0010987	6.5	24
tt0010994	6.3	9
tt0011000	6.7	1083
tt0011001	6.3	11
tt0011002	6.2	5
tt0011011	5.3	15
tt0011012	5.2	13
tt0011016	5.6	14
tt0011024	5.2	17
tt0011025	5.3	6
tt0011031	6.2	52
tt0011036	5.8	11
tt0011042	6.4	14
tt0011045	6.3	7
tt0011055	5.4	47
tt0011058	6.4	81
tt0011063	6.5	71
tt0011069	5.3	11
tt0011070	7.2	23
tt0011071	7.1	2690
tt0011073	6.8	10
tt0011076	6	41
tt0011078	5.8	45
tt0011079	6.2	11
tt0011087	5.4	9
tt0011089	3.6	5
tt0011091	5.6	5
tt0011093	6	20
tt0011094	5.5	13
tt0011098	6.2	11
tt0011110	6.9	9
tt0011112	3.8	5
tt0011114	6	10
tt0011117	7.7	59
tt0011118	5.6	8
tt0011123	5.6	73
tt0011124	4	5
tt0011126	4	5
tt0011127	7.1	14
tt0011128	6.2	99
tt0011129	4.8	25
tt0011130	7	4754
tt0011131	5.4	130
tt0011133	6.9	8
tt0011134	5.8	6
tt0011135	4	5
tt0011136	4.7	47
tt0011137	5.4	15
tt0011144	6.9	1280
tt0011148	2.1	12
tt0011149	1.7	9
tt0011151	5.2	5
tt0011154	4.8	11
tt0011157	6.6	717
tt0011163	5.8	33
tt0011167	5.4	5
tt0011172	5.6	9
tt0011173	6.2	123
tt0011174	6.4	19
tt0011191	6.5	13
tt0011193	6.6	292
tt0011195	7.2	5
tt0011197	4.9	9
tt0011204	3.6	5
tt0011205	6.3	14
tt0011208	7.4	5
tt0011211	6.2	15
tt0011216	6.6	24
tt0011217	6.4	309
tt0011221	6	848
tt0011222	6.4	8
tt0011223	6.8	812
tt0011224	5.4	11
tt0011228	3.2	26
tt0011232	4.5	8
tt0011234	4.2	13
tt0011237	7.2	6581
tt0011238	5.8	12
tt0011239	4.3	9
tt0011241	3.3	19
tt0011243	4.2	8
tt0011246	4.2	6
tt0011253	5.6	53
tt0011256	5.1	21
tt0011257	5.4	9
tt0011263	6.7	1156
tt0011265	5.2	9
tt0011267	5.1	260
tt0011273	5	8
tt0011277	7.6	69
tt0011280	5.3	9
tt0011281	2.3	6
tt0011284	6.4	10
tt0011288	4.2	5
tt0011291	5.2	9
tt0011293	6.9	1019
tt0011294	7.1	165
tt0011298	4.4	29
tt0011301	6.3	7
tt0011302	6.9	187
tt0011303	5.9	9
tt0011309	3.6	23
tt0011313	6.5	76
tt0011317	6.2	135
tt0011318	3.1	15
tt0011324	5.5	82
tt0011325	6.2	9
tt0011327	6.8	13
tt0011336	4.9	18
tt0011339	4.9	11
tt0011344	6.2	105
tt0011348	7.1	96
tt0011350	6.8	9
tt0011353	6	9
tt0011358	6.6	332
tt0011361	4.8	6
tt0011362	6.8	97
tt0011365	4.4	9
tt0011368	6.4	22
tt0011369	6	113
tt0011370	6.8	323
tt0011371	6.7	264
tt0011385	4.7	6
tt0011387	6.7	1103
tt0011393	5.4	71
tt0011394	6.6	37
tt0011396	5.8	32
tt0011401	6	84
tt0011413	4.1	14
tt0011414	4.9	142
tt0011415	5.9	105
tt0011419	4.4	5
tt0011421	2.7	13
tt0011428	5.7	18
tt0011431	4.2	5
tt0011433	3	20
tt0011435	4.5	10
tt0011439	7.1	2147
tt0011440	6.6	195
tt0011450	7.7	15
tt0011454	6.7	7
tt0011459	5.9	23
tt0011462	6.5	6
tt0011470	1.6	11
tt0011471	5.2	12
tt0011474	6.5	129
tt0011481	5.8	24
tt0011487	4.5	14
tt0011489	5.8	5
tt0011495	4.6	11
tt0011499	7.1	64
tt0011502	5.8	5
tt0011506	5	7
tt0011507	6.2	10
tt0011508	7.6	3655
tt0011513	5.7	189
tt0011520	2	11
tt0011521	7	984
tt0011522	6.9	53
tt0011525	6.2	53
tt0011530	6.2	8
tt0011533	5.2	13
tt0011534	5.8	18
tt0011541	8.2	6863
tt0011545	5.8	386
tt0011548	6.3	138
tt0011549	4.2	8
tt0011565	7.4	2008
tt0011568	6	23
tt0011569	5.4	5
tt0011571	5.3	13
tt0011575	5.3	9
tt0011577	4.9	13
tt0011587	3.7	7
tt0011588	6.4	355
tt0011594	5.6	12
tt0011598	4.6	9
tt0011603	3.2	28
tt0011604	5.7	11
tt0011607	7.1	1032
tt0011612	5.8	28
tt0011617	6	28
tt0011619	7	49
tt0011623	6.1	149
tt0011624	4.9	32
tt0011633	6.6	5
tt0011635	5	34
tt0011637	4.4	5
tt0011641	6.5	153
tt0011647	5.7	123
tt0011649	6.3	51
tt0011650	6.7	6
tt0011651	7	41
tt0011652	6.1	1402
tt0011654	7	52
tt0011656	7.8	3513
tt0011662	5.7	20
tt0011667	5.5	13
tt0011676	7.1	45
tt0011679	6	265
tt0011687	6.8	6
tt0011689	4.6	5
tt0011691	5.4	10
tt0011692	4.9	13
tt0011693	5.5	10
tt0011694	7.4	8
tt0011695	5.8	15
tt0011714	6	5
tt0011716	5.2	575
tt0011717	5.7	80
tt0011721	7.1	94
tt0011722	5.5	220
tt0011723	6.4	763
tt0011731	4.2	14
tt0011735	6.4	20
tt0011738	6	11
tt0011741	6.3	210
tt0011742	6.1	625
tt0011753	5.5	168
tt0011756	6.5	14
tt0011757	6.4	18
tt0011758	5.7	10
tt0011761	4	5
tt0011763	6.4	5
tt0011765	6.2	12
tt0011771	5.3	14
tt0011779	6.5	191
tt0011785	6.5	29
tt0011793	5	8
tt0011797	6.2	13
tt0011805	4.2	12
tt0011807	3.6	13
tt0011808	4.4	51
tt0011812	4.7	11
tt0011816	5.3	11
tt0011830	5.9	36
tt0011833	6.9	426
tt0011837	6.1	356
tt0011841	7.4	4963
tt0011845	6.4	10
tt0011848	6.7	80
tt0011849	6.4	11
tt0011855	6.6	18
tt0011858	4.8	8
tt0011860	5.4	10
tt0011865	6.7	1321
tt0011866	5	11
tt0011870	6.3	2467
tt0011874	6.7	39
tt0011877	6.4	19
tt0011880	6.4	12
tt0011881	6	31
tt0011886	6.8	19
tt0011890	5.6	8
tt0011901	6.8	5
tt0011904	6.8	1037
tt0011906	5.3	35
tt0011907	4.1	11
tt0011908	6	101
tt0011909	6.6	1208
tt0011912	6.2	6
tt0011914	6.2	11
tt0011916	6.2	26
tt0011918	6.2	6
tt0011922	6.6	660
tt0011923	5.8	10
tt0011925	5.5	22
tt0011927	6.9	7
tt0011929	7	29
tt0011935	4.7	7
tt0011938	6.2	20
tt0011939	4.7	14
tt0011942	7	33
tt0011944	5	9
tt0011948	6.9	365
tt0011949	6.1	47
tt0011950	6.9	10
tt0011952	7	12
tt0011953	5.2	30
tt0011956	6.2	6
tt0011958	6.9	34
tt0011960	7	1025
tt0011966	7	8
tt0011968	4.5	34
tt0011969	7	6
tt0011973	5.9	12
tt0011974	5.3	6
tt0011977	6.8	8
tt0011979	6.8	497
tt0011980	6.8	11
tt0011984	7.1	2866
tt0011988	5.2	40
tt0011990	6.8	25
tt0011998	6.6	30
tt0011999	6.3	87
tt0012006	7.4	27
tt0012016	6.4	170
tt0012017	6.9	34
tt0012023	7.4	21
tt0012027	6.6	875
tt0012028	1.7	9
tt0012045	5.8	9
tt0012048	6.5	11
tt0012067	6.8	30
tt0012068	6.8	415
tt0012071	5.3	12
tt0012077	6.1	9
tt0012079	6.8	13
tt0012087	6.9	27
tt0012091	5	7
tt0012092	6.6	30
tt0012096	5.6	19
tt0012102	4.2	27
tt0012104	6.6	7
tt0012105	5.6	12
tt0012107	6.2	45
tt0012109	6.1	13
tt0012111	6.8	17
tt0012114	6.1	10
tt0012117	6.1	11
tt0012118	6.2	6
tt0012122	5.5	133
tt0012123	6.8	365
tt0012125	6.4	116
tt0012134	7	362
tt0012136	6.4	268
tt0012153	6.2	33
tt0012159	4.9	14
tt0012164	7.8	5
tt0012168	6.6	9
tt0012174	6.8	28
tt0012175	6.4	206
tt0012181	6.8	21
tt0012187	6.5	123
tt0012189	3.6	16
tt0012190	7.2	3059
tt0012192	5.1	15
tt0012194	4.1	27
tt0012202	6.2	11
tt0012205	5.9	23
tt0012219	5.9	11
tt0012224	7.7	3694
tt0012226	5.8	11
tt0012227	5.6	17
tt0012238	6.6	12
tt0012248	7	43
tt0012249	7	382
tt0012253	7	1940
tt0012255	7	2557
tt0012273	5.8	13
tt0012278	7.6	2561
tt0012281	6.8	209
tt0012284	6.9	17
tt0012285	4.8	5
tt0012293	6.5	32
tt0012297	9.4	12
tt0012298	6.9	10
tt0012303	6.2	667
tt0012304	7.4	3170
tt0012305	6.8	13
tt0012310	4.8	5
tt0012313	6.7	286
tt0012314	6.6	239
tt0012317	6.9	11
tt0012320	6.9	239
tt0012322	5.8	10
tt0012328	5.2	29
tt0012329	6.6	7
tt0012334	6.8	215
tt0012342	6.2	9
tt0012344	5.9	10
tt0012347	5.9	202
tt0012349	8.3	109070
tt0012350	6.5	14
tt0012352	6.2	12
tt0012358	5	6
tt0012362	6.3	7
tt0012364	8.1	10056
tt0012365	5.4	53
tt0012366	6.9	21
tt0012368	5.9	21
tt0012369	7.9	14
tt0012380	5.9	9
tt0012382	6.1	268
tt0012397	6.7	276
tt0012398	6.9	42
tt0012405	5.4	35
tt0012406	7	36
tt0012408	6.5	338
tt0012409	6.6	89
tt0012410	6.9	11
tt0012416	7.2	21
tt0012422	6.4	29
tt0012427	6.1	10
tt0012434	5.6	15
tt0012436	6.8	15
tt0012439	6.6	20
tt0012456	4.5	12
tt0012465	7	311
tt0012467	6.6	128
tt0012468	6.4	43
tt0012471	6.6	14
tt0012472	6.3	9
tt0012476	5.9	9
tt0012484	5.8	41
tt0012486	6.2	237
tt0012490	5.1	9
tt0012492	6.5	23
tt0012494	7.7	5138
tt0012496	5.3	7
tt0012497	4.9	7
tt0012499	7.5	1529
tt0012505	5.8	8
tt0012512	6.8	713
tt0012513	6.5	209
tt0012514	5.1	13
tt0012520	6.1	19
tt0012529	6.2	16
tt0012532	7.4	4679
tt0012538	6.5	469
tt0012541	6.3	7
tt0012543	6.9	2649
tt0012548	5.7	13
tt0012555	6.1	10
tt0012562	6.3	10
tt0012563	6.2	65
tt0012565	6.3	31
tt0012570	7.5	3700
tt0012581	4.7	10
tt0012583	6.9	9
tt0012591	6.7	21
tt0012600	7	39
tt0012618	6.1	27
tt0012619	5.7	12
tt0012620	5.7	1219
tt0012622	4.8	11
tt0012627	6	32
tt0012631	6.7	130
tt0012642	6.9	941
tt0012645	6.8	123
tt0012646	6.1	208
tt0012650	6.4	217
tt0012651	6.2	1393
tt0012657	6.5	88
tt0012664	5.8	8
tt0012675	6.4	3056
tt0012682	5.2	5
tt0012684	4.3	18
tt0012685	4.4	14
tt0012689	5.5	20
tt0012695	2.9	15
tt0012696	6	5
tt0012699	5.8	109
tt0012701	6.4	49
tt0012710	6.7	7
tt0012716	6	12
tt0012724	4.8	6
tt0012725	5	7
tt0012730	5.8	6
tt0012734	4.5	29
tt0012739	4.7	26
tt0012740	5.3	44
tt0012745	6.9	135
tt0012746	1	12
tt0012747	6.5	11
tt0012752	6.9	846
tt0012754	6.9	28
tt0012755	6.8	163
tt0012763	6.8	1722
tt0012769	5.9	133
tt0012771	5.9	28
tt0012772	1.6	8
tt0012775	6.1	18
tt0012778	5.3	6
tt0012788	6.7	9
tt0012790	6.8	5
tt0012794	7.2	9
tt0012806	6.2	324
tt0012807	4.6	12
tt0012814	5.9	10
tt0012815	6.5	14
tt0012818	4.4	27
tt0012827	6.2	28
tt0012830	6.8	12
tt0012838	5.3	13
tt0012839	6.2	51
tt0012843	6.1	37
tt0012855	7.1	9
tt0012856	5.2	6
tt0012862	5.4	10
tt0012864	5.4	8
tt0012868	7	16
tt0012872	8.2	6
tt0012873	6.7	10
tt0012877	4.5	8
tt0012879	8.2	40
tt0012880	5.8	8
tt0012881	6.8	16
tt0012885	6.1	14
tt0012890	6.8	12
tt0012891	4.1	7
tt0012894	5.6	11
tt0012898	4.6	12
tt0012917	7.1	31
tt0012919	6.7	6
tt0012920	5	8
tt0012926	7	12
tt0012928	6.1	767
tt0012933	6.8	5
tt0012937	6.8	8
tt0012938	6.7	2216
tt0012940	5.9	67
tt0012945	6.9	2314
tt0012948	6	10
tt0012949	6	27
tt0012952	6.4	1234
tt0012958	6.5	43
tt0012960	2.1	9
tt0012961	1.1	10
tt0012973	6.9	566
tt0012975	6.2	255
tt0012980	5.1	10
tt0012985	6.6	78
tt0012990	6.3	7
tt0012997	5.8	14
tt0012998	3.6	14
tt0012999	5.3	6
tt0013000	6.7	6
tt0013014	5.5	345
tt0013022	6.2	15
tt0013024	5.6	7
tt0013025	7.6	5601
tt0013033	7.1	340
tt0013034	1.6	9
tt0013051	5.4	13
tt0013055	6.9	2110
tt0013059	6.3	343
tt0013071	2.5	10
tt0013075	7.1	1194
tt0013076	6.2	11
tt0013078	6.3	18
tt0013084	6.6	16
tt0013085	6.1	336
tt0013086	7.9	7318
tt0013088	6.8	36
tt0013091	6.8	8
tt0013093	6.6	10
tt0013095	4.9	12
tt0013096	5.8	59
tt0013099	7.2	2375
tt0013107	5.1	9
tt0013109	6.8	5
tt0013110	5	8
tt0013114	5	5
tt0013117	6.1	9
tt0013118	6.3	48
tt0013121	6.4	8
tt0013122	6.5	118
tt0013127	6.1	103
tt0013132	5.4	5
tt0013134	6.2	151
tt0013135	6.9	10
tt0013137	8	8
tt0013139	6.1	9
tt0013140	7	3072
tt0013145	6.3	6
tt0013149	5	235
tt0013151	7.7	23
tt0013158	6.5	1814
tt0013169	6.5	360
tt0013170	6.1	10
tt0013182	7	27
tt0013189	6	8
tt0013193	6.3	52
tt0013194	5.5	58
tt0013201	7	1618
tt0013211	6.4	52
tt0013212	5.3	6
tt0013221	6.2	12
tt0013223	4.9	225
tt0013224	6.9	7
tt0013227	5.5	11
tt0013230	6.1	8
tt0013236	5.9	9
tt0013244	6	8
tt0013250	5	7
tt0013253	6.8	8
tt0013254	6.5	23
tt0013255	5	9
tt0013257	7.7	11799
tt0013263	7	43
tt0013264	6.6	8
tt0013267	4.7	9
tt0013275	6.5	70
tt0013276	4.1	14
tt0013278	6.6	5
tt0013281	7.1	83
tt0013283	6.7	12
tt0013284	7	25
tt0013288	4.8	14
tt0013293	6.6	11
tt0013299	4.7	7
tt0013301	6.8	26
tt0013303	4.6	10
tt0013304	8.3	29
tt0013312	6.3	133
tt0013321	3.7	23
tt0013322	8.7	19
tt0013323	5.3	391
tt0013332	6.7	268
tt0013336	6.7	22
tt0013339	5.4	8
tt0013341	6	665
tt0013342	6.7	73
tt0013343	5.5	42
tt0013344	6.2	9
tt0013356	7	13
tt0013359	4.6	7
tt0013363	5.8	11
tt0013367	5.4	226
tt0013368	6.2	11
tt0013369	6.7	33
tt0013372	6.2	415
tt0013373	6.7	52
tt0013376	6.2	12
tt0013386	6.6	293
tt0013388	5.8	25
tt0013402	6.7	334
tt0013404	6.4	310
tt0013406	7.4	7
tt0013407	6.4	8
tt0013410	5.4	5
tt0013416	5.8	328
tt0013422	6.6	1861
tt0013423	3	9
tt0013425	5.9	10
tt0013427	7.6	10593
tt0013428	6.9	115
tt0013433	5.4	10
tt0013436	5.6	8
tt0013439	6.9	23
tt0013442	7.9	86635
tt0013450	6.7	706
tt0013451	6.8	9
tt0013452	6.8	11
tt0013454	5.9	17
tt0013455	6.9	9
tt0013458	6.2	96
tt0013462	6.6	42
tt0013469	6.4	233
tt0013472	7.9	447
tt0013480	6.5	37
tt0013482	5.8	9
tt0013486	7.6	3619
tt0013488	6.8	82
tt0013491	4.2	9
tt0013494	6.2	56
tt0013496	6.9	1528
tt0013500	5.2	9
tt0013501	6.9	53
tt0013502	6.6	7
tt0013506	6.8	51
tt0013511	6.6	16
tt0013512	6.9	97
tt0013513	6.6	5
tt0013515	6.7	452
tt0013520	5.3	220
tt0013524	5.7	25
tt0013527	6.3	10
tt0013534	4.8	9
tt0013535	6.3	10
tt0013538	5.9	20
tt0013540	5.1	17
tt0013555	6.8	45
tt0013556	7.2	1971
tt0013570	5.9	8
tt0013571	6.6	808
tt0013572	5	24
tt0013573	6.5	57
tt0013574	6.6	101
tt0013579	6.8	842
tt0013590	5.9	101
tt0013592	6.3	365
tt0013596	3.9	10
tt0013597	5.8	551
tt0013603	4.1	24
tt0013607	5.8	158
tt0013611	6.9	70
tt0013615	3.2	13
tt0013617	5.5	14
tt0013619	6	169
tt0013620	5.6	32
tt0013624	6.5	21
tt0013626	6.7	2031
tt0013627	5.2	10
tt0013629	6.7	25
tt0013631	6.6	12
tt0013658	6.9	31
tt0013662	6.9	418
tt0013668	6.7	22
tt0013672	6.7	25
tt0013674	7	500
tt0013679	6.9	7
tt0013681	5.6	14
tt0013682	7.5	64
tt0013687	7.1	7
tt0013688	6.6	642
tt0013690	5.3	97
tt0013704	6	118
tt0013705	5.8	136
tt0013710	7	12
tt0013716	6.2	12
tt0013719	6.5	22
tt0013724	6	8
tt0013727	6.9	10
tt0013728	5.9	49
tt0013730	6.8	83
tt0013735	5.1	73
tt0013736	6.8	8
tt0013739	6.2	6
tt0013741	6.6	444
tt0013750	6.3	968
tt0013766	2.2	11
tt0013773	6.2	11
tt0013792	5.5	19
tt0013793	4.9	9
tt0013795	6.7	9
tt0013800	7.9	77
tt0013802	6.3	366
tt0013803	6.5	46
tt0013807	6.5	196
tt0013817	6.6	78
tt0013823	6.5	590
tt0013824	6.1	21
tt0013825	5.8	12
tt0013827	6	10
tt0013829	6.4	8
tt0013830	6.8	120
tt0013833	5.2	10
tt0013834	6.8	79
tt0013839	5.5	12
tt0013841	6.7	36
tt0013842	6.6	8
tt0013845	6.8	339
tt0013846	6.8	94
tt0013849	7.3	27
tt0013853	6	31
tt0013858	6.6	2580
tt0013861	5.1	7
tt0013864	6.7	12
tt0013865	6.9	90
tt0013866	4.9	16
tt0013867	6.9	14
tt0013868	7.1	91
tt0013871	4.2	10
tt0013872	6.6	34
tt0013877	7.1	9
tt0013879	6	9
tt0013882	7.2	12
tt0013885	5.2	23
tt0013886	6.5	10
tt0013892	6.5	32
tt0013896	6.1	51
tt0013901	7	10
tt0013902	7.1	18
tt0013903	6	10
tt0013905	6.8	12
tt0013906	5.8	17
tt0013908	6.6	21
tt0013909	5.2	319
tt0013912	6.2	53
tt0013916	6.7	110
tt0013917	5.3	10
tt0013920	5.4	8
tt0013925	6.4	18
tt0013926	6.5	27
tt0013930	5.8	32
tt0013932	6.2	60
tt0013933	7.5	1103
tt0013938	3.8	12
tt0013940	6.2	47
tt0013949	5.9	10
tt0013950	5.6	13
tt0013951	6.6	505
tt0013955	5.7	7
tt0013961	5.1	16
tt0013962	6.3	12
tt0013965	6.6	8
tt0013971	5	6
tt0013973	6.3	109
tt0013975	6.9	19
tt0013978	5.2	5
tt0013981	6.5	17
tt0013982	6.7	84
tt0013984	5.6	17
tt0013986	5.2	6
tt0013992	5.6	717
tt0013994	6.2	198
tt0014003	6.8	21
tt0014012	6.2	19
tt0014013	6.7	41
tt0014014	7	85
tt0014015	5.2	6
tt0014021	4.7	19
tt0014022	6.1	36
tt0014023	6.1	9
tt0014026	8.6	5
tt0014029	6.6	1068
tt0014031	3.2	24
tt0014032	5.8	6
tt0014034	6.6	27
tt0014039	5.8	18
tt0014040	6.4	13
tt0014045	7.3	51
tt0014046	6.4	21
tt0014051	7	28
tt0014057	6.3	11
tt0014063	7.1	519
tt0014064	6.2	59
tt0014066	7.4	5
tt0014068	6.9	20
tt0014069	7.1	10
tt0014073	4.2	16
tt0014074	8.2	17
tt0014079	7	9
tt0014081	5.7	39
tt0014090	5	8
tt0014097	4.4	19
tt0014100	6.5	44
tt0014108	6.9	144
tt0014109	7.1	1085
tt0014112	5.5	114
tt0014113	3.9	8
tt0014116	6	6
tt0014118	6.9	14
tt0014127	3.6	15
tt0014137	6.9	45
tt0014138	5.2	20
tt0014139	8.2	6
tt0014141	7.2	12
tt0014142	7.2	4713
tt0014144	5.4	13
tt0014145	4	12
tt0014146	6	46
tt0014149	5.5	11
tt0014153	5.6	5
tt0014157	5.9	20
tt0014158	7.1	12
tt0014159	6.8	8
tt0014160	3.6	5
tt0014164	7.1	7
tt0014165	5	6
tt0014168	6.4	21
tt0014171	4.8	46
tt0014174	6.6	9
tt0014175	5.6	17
tt0014177	6.6	9
tt0014179	5.8	79
tt0014181	6.9	7
tt0014183	6.6	9
tt0014186	6	79
tt0014187	6.7	10
tt0014188	5.1	7
tt0014189	4	9
tt0014191	5.6	55
tt0014193	4.6	11
tt0014196	5.4	20
tt0014202	6.3	23
tt0014203	5	6
tt0014205	6.2	893
tt0014207	6.6	57
tt0014211	7.2	11
tt0014218	6.9	1994
tt0014223	7.2	14
tt0014228	6.9	10
tt0014229	6	33
tt0014231	6.3	11
tt0014239	6	5
tt0014241	5.8	62
tt0014248	5.9	8
tt0014249	6.4	8
tt0014258	6.8	5
tt0014262	7	7
tt0014264	6.7	24
tt0014269	4.9	17
tt0014279	7.2	5
tt0014284	6.3	11
tt0014285	8	37
tt0014293	5.6	45
tt0014298	6.8	25
tt0014301	6.3	17
tt0014302	6.8	23
tt0014303	3.6	14
tt0014309	7.1	26
tt0014310	6.2	53
tt0014316	5.6	69
tt0014320	7.1	55
tt0014321	5.3	73
tt0014322	6.8	9
tt0014323	5.8	69
tt0014332	3.6	7
tt0014339	7.1	22
tt0014341	7.8	9904
tt0014344	4.9	7
tt0014346	7.1	23
tt0014353	6.4	10
tt0014357	5.2	63
tt0014358	7.4	4262
tt0014359	5.7	17
tt0014363	6.8	68
tt0014367	6.2	10
tt0014379	7	11
tt0014385	6.7	19
tt0014388	5.7	7
tt0014391	5.6	13
tt0014397	6.8	253
tt0014398	6.3	9
tt0014406	6.4	1661
tt0014407	5.6	386
tt0014408	7.1	10
tt0014411	2.6	20
tt0014414	5	7
tt0014416	6.5	269
tt0014417	7.5	1889
tt0014419	5.7	185
tt0014423	6.6	14
tt0014426	5.5	11
tt0014429	8.1	17802
tt0014438	4.9	26
tt0014439	7.2	10
tt0014440	7	533
tt0014443	6.8	9
tt0014446	6.7	248
tt0014447	6.3	57
tt0014449	7	12
tt0014450	5	52
tt0014451	5	8
tt0014452	6	8
tt0014453	4.3	6
tt0014462	1.5	11
tt0014463	6.5	375
tt0014466	5.5	45
tt0014467	5.8	29
tt0014468	7	62
tt0014469	6.1	66
tt0014483	2.1	7
tt0014489	6	7
tt0014496	6.8	43
tt0014497	7	826
tt0014499	7	50
tt0014502	5.2	8
tt0014504	4.6	9
tt0014508	5.1	11
tt0014509	6.7	64
tt0014510	6.7	12
tt0014516	7	347
tt0014521	6.6	8
tt0014522	6.8	28
tt0014523	6.6	7
tt0014524	6.2	134
tt0014526	6.8	5
tt0014528	6.4	11
tt0014532	6.8	1915
tt0014538	7.1	3951
tt0014539	4.4	28
tt0014542	5.9	16
tt0014543	5.2	10
tt0014547	6.6	28
tt0014553	5.9	21
tt0014558	4.9	15
tt0014560	6.2	60
tt0014563	7	8
tt0014567	6.3	6
tt0014570	6.9	15
tt0014577	6.6	21
tt0014582	5.8	37
tt0014584	7.1	340
tt0014586	6.6	1702
tt0014588	7.2	8
tt0014600	7	56
tt0014602	7	22
tt0014604	6.4	157
tt0014605	6.8	390
tt0014606	6.2	117
tt0014607	5.6	80
tt0014608	5.5	13
tt0014611	7.4	1532
tt0014615	6.6	15
tt0014617	5.7	27
tt0014619	7	99
tt0014624	7	4737
tt0014636	6.2	786
tt0014639	5.2	32
tt0014640	6.3	7
tt0014644	5.7	21
tt0014645	6.1	8
tt0014646	6.6	2303
tt0014647	6.8	12
tt0014650	6.6	7
tt0014651	6.6	31
tt0014652	5.9	13
tt0014656	5.4	184
tt0014657	4.8	29
tt0014658	6.3	25
tt0014659	4.9	128
tt0014660	4.8	114
tt0014661	6.1	15
tt0014662	5.3	171
tt0014663	4.6	116
tt0014664	5.3	189
tt0014665	5.8	211
tt0014667	6.3	115
tt0014668	7	65
tt0014672	6.4	344
tt0014673	6.6	7
tt0014679	6.1	27
tt0014682	6.9	28
tt0014689	6.2	20
tt0014694	6.7	2656
tt0014696	6.4	37
tt0014699	5.4	5
tt0014701	6.7	17
tt0014702	6.7	407
tt0014706	6.4	12
tt0014707	6.5	8
tt0014713	6.8	13
tt0014720	5.5	23
tt0014721	5.8	132
tt0014733	6.9	14
tt0014734	6.1	25
tt0014741	1.8	12
tt0014749	6.4	81
tt0014752	6.8	16
tt0014756	5	10
tt0014759	6.3	43
tt0014760	6.9	208
tt0014762	6.7	19
tt0014763	6.8	121
tt0014764	6	5
tt0014767	7.2	10
tt0014770	6.5	212
tt0014774	6.7	11
tt0014775	3.7	7
tt0014776	7.6	5
tt0014782	6.5	24
tt0014788	6.6	13
tt0014797	6.4	40
tt0014811	6.2	27
tt0014816	7.4	5
tt0014817	6.2	12
tt0014826	5.7	105
tt0014836	6.8	6
tt0014837	4.3	9
tt0014839	8	8
tt0014845	6.2	9
tt0014854	6.9	125
tt0014857	5.7	54
tt0014860	6.6	5
tt0014866	5.3	13
tt0014867	6.7	10
tt0014869	6.5	611
tt0014872	7.4	3416
tt0014874	6.3	119
tt0014878	6.2	5
tt0014882	6.7	64
tt0014883	6	73
tt0014886	6.3	122
tt0014888	5.1	9
tt0014891	5.8	14
tt0014892	6.3	31
tt0014893	6	5
tt0014898	6.8	530
tt0014900	6.4	741
tt0014901	5.2	18
tt0014903	7.1	97
tt0014904	5.7	14
tt0014925	6.1	125
tt0014927	7.3	10
tt0014931	7.1	74
tt0014933	5.9	58
tt0014944	5.8	11
tt0014945	7.7	3026
tt0014946	6.3	6
tt0014950	5.9	14
tt0014953	5.9	22
tt0014960	4.9	12
tt0014965	5.2	5
tt0014967	7.6	95
tt0014968	7.1	18
tt0014969	2.1	10
tt0014970	3.9	12
tt0014972	7.8	3045
tt0014977	3.2	25
tt0014978	6.9	81
tt0014981	6.5	11
tt0014982	6.8	253
tt0014985	6.5	16
tt0014989	6.1	13
tt0014991	6.4	13
tt0014992	6.2	80
tt0014996	6.7	9
tt0014997	6.4	19
tt0014999	4	25
tt0015001	6.9	7
tt0015002	7.2	1210
tt0015004	7.4	13
tt0015005	6	9
tt0015014	7.2	712
tt0015015	6	11
tt0015016	7.2	1900
tt0015018	6.9	292
tt0015022	5.7	665
tt0015030	5.9	13
tt0015036	6.7	145
tt0015037	1	7
tt0015038	6.7	27
tt0015039	7.2	882
tt0015044	6.8	11
tt0015045	7.2	9
tt0015051	6.2	63
tt0015053	5.9	18
tt0015064	8.1	12168
tt0015068	7.1	32
tt0015071	7.2	21
tt0015074	6.6	5
tt0015076	6.8	149
tt0015091	6.8	16
tt0015092	7.1	9
tt0015096	7.4	98
tt0015103	5.4	31
tt0015104	6.5	35
tt0015116	6.5	973
tt0015117	6.8	27
tt0015119	7.2	1062
tt0015133	6.2	28
tt0015134	1.5	11
tt0015136	7.1	1540
tt0015138	8.2	6
tt0015141	6.7	68
tt0015145	5.7	447
tt0015146	5.5	11
tt0015150	7.4	11
tt0015152	6.3	61
tt0015156	5	6
tt0015163	7.7	8857
tt0015164	5.6	50
tt0015167	6.6	865
tt0015168	6.9	54
tt0015169	5.4	10
tt0015171	6.8	13
tt0015174	7.9	3860
tt0015175	8.1	5082
tt0015177	6.4	76
tt0015180	6.5	15
tt0015184	5.2	8
tt0015185	5.7	9
tt0015189	7	7
tt0015191	4.7	11
tt0015197	5	14
tt0015200	4.7	104
tt0015202	7.1	2265
tt0015206	5.9	14
tt0015209	6	7
tt0015211	6.2	5
tt0015213	6.8	138
tt0015214	7.2	1541
tt0015217	6.2	32
tt0015219	6.3	93
tt0015222	6.6	7
tt0015224	7.1	881
tt0015228	6.3	114
tt0015229	5.7	9
tt0015232	7	20
tt0015233	5.9	9
tt0015239	6.2	13
tt0015241	3.8	10
tt0015243	5	8
tt0015245	5.7	42
tt0015253	5.9	57
tt0015256	6.8	8
tt0015258	5.9	27
tt0015263	6.2	13
tt0015268	7.1	415
tt0015270	7	14
tt0015273	7	10
tt0015284	6.5	58
tt0015285	6.4	10
tt0015287	6.4	5
tt0015289	6.3	164
tt0015299	7.7	18
tt0015310	7	466
tt0015311	5.4	8
tt0015312	5.5	220
tt0015313	6.7	22
tt0015318	6.7	11
tt0015322	5.1	14
tt0015324	8.2	39659
tt0015329	5.3	156
tt0015331	6.4	55
tt0015339	5.7	71
tt0015342	5.8	74
tt0015343	5.9	182
tt0015347	7.1	17
tt0015349	7.2	58
tt0015353	4.5	11
tt0015355	5.7	11
tt0015356	4.5	11
tt0015361	7.6	6880
tt0015364	6.8	9
tt0015375	4.5	8
tt0015376	6.7	12
tt0015377	5.5	68
tt0015378	6.6	103
tt0015384	6	1243
tt0015389	1.8	11
tt0015390	5.8	87
tt0015391	2.6	10
tt0015393	7.4	9
tt0015394	4.8	6
tt0015399	6.6	9
tt0015400	7.7	5462
tt0015407	4.1	7
tt0015408	5.4	5
tt0015409	7	46
tt0015412	3	13
tt0015413	5.2	12
tt0015414	5.6	11
tt0015417	6.3	7
tt0015419	5.2	8
tt0015423	6.7	13
tt0015426	2.8	11
tt0015431	6.8	129
tt0015433	6.2	12
tt0015442	6.4	9
tt0015443	5.9	16
tt0015444	5.5	11
tt0015445	2.5	10
tt0015451	7.2	13
tt0015452	6.3	6
tt0015453	5.6	7
tt0015454	5.9	16
tt0015456	6.6	23
tt0015457	5.7	31
tt0015460	4.3	19
tt0015465	6.9	10
tt0015466	5.4	10
tt0015467	6.4	5
tt0015471	7.4	10
tt0015477	5.7	220
tt0015491	6.5	23
tt0015492	6.9	14
tt0015493	6.3	200
tt0015494	7.4	17
tt0015495	6.4	10
tt0015498	6.8	430
tt0015499	7.2	5
tt0015500	5.9	310
tt0015501	4.8	6
tt0015504	5.9	17
tt0015505	2.3	11
tt0015508	7.1	53
tt0015518	5.8	121
tt0015520	1	9
tt0015522	5.9	63
tt0015524	5.7	34
tt0015526	6.9	15
tt0015532	7.8	5254
tt0015533	6.2	21
tt0015535	5	11
tt0015537	5.6	10
tt0015539	2.1	9
tt0015542	5.6	23
tt0015543	5.8	19
tt0015547	5.9	23
tt0015548	6.7	7
tt0015551	4.8	98
tt0015552	4.7	105
tt0015553	4.9	134
tt0015554	4.7	87
tt0015555	4.8	86
tt0015556	4.6	76
tt0015557	5.8	17
tt0015558	5.3	152
tt0015559	5.3	61
tt0015560	5.1	175
tt0015561	5	88
tt0015562	5.3	138
tt0015563	5.8	241
tt0015564	4.7	170
tt0015569	5.4	43
tt0015570	5.6	21
tt0015572	7.2	12
tt0015573	6	6
tt0015577	6.7	50
tt0015579	2.6	9
tt0015589	6	8
tt0015592	6.7	114
tt0015600	5.9	7
tt0015602	5.6	8
tt0015612	6.1	69
tt0015613	4.2	5
tt0015616	7.3	6
tt0015617	6.9	10
tt0015620	5.7	9
tt0015621	6.4	26
tt0015623	5.6	5
tt0015624	7.9	6098
tt0015626	6.7	9
tt0015627	6.2	34
tt0015632	6.6	14
tt0015634	6.2	767
tt0015635	6.3	50
tt0015638	6.4	11
tt0015639	5.7	14
tt0015643	7	177
tt0015644	6.2	6
tt0015648	8	51788
tt0015653	4.4	14
tt0015657	6.1	57
tt0015661	5.3	7
tt0015662	7.4	14
tt0015663	6.7	13
tt0015665	7	6
tt0015669	5.9	38
tt0015670	7.3	69
tt0015671	4.6	5
tt0015673	7.2	1141
tt0015684	6.3	491
tt0015686	6	56
tt0015687	6.6	243
tt0015688	6.8	6
tt0015689	2.7	11
tt0015690	5	7
tt0015691	6.1	38
tt0015692	8.6	5
tt0015693	6.4	681
tt0015700	6.7	43
tt0015702	6.5	43
tt0015713	6.1	10
tt0015714	6.4	18
tt0015716	6.9	8
tt0015719	5.5	6
tt0015720	4.8	5
tt0015724	6.2	20
tt0015727	6.7	27
tt0015728	7.3	12
tt0015730	6.2	6
tt0015735	7.4	21
tt0015738	7.4	11
tt0015739	7.6	12
tt0015740	6.2	12
tt0015742	6.7	7
tt0015745	7.1	10
tt0015746	5.4	7
tt0015749	5.7	17
tt0015750	6	65
tt0015751	6.4	9
tt0015758	7	416
tt0015763	6.4	296
tt0015765	7	14
tt0015766	6.5	24
tt0015768	7.1	1703
tt0015770	5.9	11
tt0015771	5.7	15
tt0015772	6.6	1718
tt0015773	6.4	8
tt0015775	8	12
tt0015777	5	7
tt0015778	7	18
tt0015794	6.3	133
tt0015799	6	34
tt0015800	6.3	60
tt0015801	7.1	310
tt0015802	5	17
tt0015809	4.2	9
tt0015810	7.1	24
tt0015811	3.3	23
tt0015813	5.4	8
tt0015814	6.7	7
tt0015816	6.2	10
tt0015820	6.1	11
tt0015840	6.2	79
tt0015841	7.5	4883
tt0015842	7.2	1349
tt0015847	5.8	100
tt0015851	6	9
tt0015852	7.2	12
tt0015856	2.9	9
tt0015859	4.8	5
tt0015861	6.6	417
tt0015863	7.2	3711
tt0015864	8.2	97507
tt0015866	6.2	9
tt0015867	7.2	23
tt0015872	6.9	151
tt0015873	7.8	917
tt0015875	5.4	14
tt0015881	8.1	8898
tt0015882	5.2	24
tt0015883	6.9	225
tt0015888	5.6	56
tt0015900	6.1	22
tt0015901	3.3	11
tt0015902	6.3	9
tt0015903	5	15
tt0015906	7.6	27
tt0015909	6.5	151
tt0015916	6.6	168
tt0015917	6.8	5
tt0015918	7.5	20
tt0015919	6.1	9
tt0015921	7.4	148
tt0015924	6.5	11
tt0015926	6.3	7
tt0015927	9.7	6
tt0015929	5.5	16
tt0015930	5.4	28
tt0015935	6.6	112
tt0015937	7.1	14
tt0015939	1.7	10
tt0015947	6.7	40
tt0015948	6.8	152
tt0015950	5.2	12
tt0015951	1.3	18
tt0015953	5.8	272
tt0015954	6.9	7
tt0015956	6.5	213
tt0015959	6.5	93
tt0015961	5.1	8
tt0015963	5.9	16
tt0015965	5	8
tt0015968	6.9	15
tt0015972	7.2	15
tt0015973	5.6	69
tt0015975	6.9	10
tt0015976	6.8	35
tt0015977	6.1	199
tt0015979	7	32
tt0015980	7.1	12
tt0015987	6.3	16
tt0015988	6.9	25
tt0015990	6.5	19
tt0015992	5.9	43
tt0015994	6.9	18
tt0015996	6.3	13
tt0015997	7.3	10
tt0015998	6.8	10
tt0016004	7.3	979
tt0016005	6.6	544
tt0016006	5	125
tt0016008	6	12
tt0016013	7.2	475
tt0016017	7.1	12
tt0016022	5.7	96
tt0016023	6	448
tt0016027	7.2	9
tt0016028	6.7	878
tt0016029	7.1	1420
tt0016031	6	7
tt0016032	6.2	12
tt0016034	7	10
tt0016037	6.1	25
tt0016038	6.2	31
tt0016039	7	4515
tt0016042	6.4	10
tt0016049	6.3	83
tt0016051	6.7	18
tt0016052	5.5	14
tt0016053	6.2	51
tt0016058	6.8	5
tt0016060	5.5	38
tt0016061	5.6	8
tt0016063	7.3	28
tt0016064	6.8	15
tt0016065	5.6	30
tt0016066	6.1	8
tt0016069	6.9	12
tt0016073	6	8
tt0016076	4.7	10
tt0016084	7.1	18
tt0016085	5.2	38
tt0016094	5.7	21
tt0016096	7.2	76
tt0016097	6.5	12
tt0016104	7.3	2127
tt0016106	6.8	34
tt0016107	6	65
tt0016109	5.3	11
tt0016112	7	55
tt0016114	6.4	35
tt0016115	5.9	12
tt0016123	6.2	907
tt0016129	6.1	129
tt0016130	6.7	7
tt0016134	6.8	9
tt0016140	5.6	10
tt0016142	6.4	105
tt0016145	6.7	7
tt0016147	5.7	43
tt0016156	7	31
tt0016159	7.2	6
tt0016163	7.3	34
tt0016167	6.3	10
tt0016170	5.4	11
tt0016172	6.1	45
tt0016174	2.4	87
tt0016184	1.7	77
tt0016185	7.1	310
tt0016186	6	6
tt0016192	7	7
tt0016194	6.9	11
tt0016195	7.7	23
tt0016198	5.8	18
tt0016200	3	5
tt0016201	6.2	205
tt0016202	6.6	9
tt0016205	6.7	127
tt0016207	6.5	8
tt0016212	6.3	38
tt0016213	6.9	10
tt0016214	5.4	14
tt0016218	5.2	10
tt0016220	7.6	16256
tt0016222	5.9	63
tt0016223	6.2	12
tt0016225	6.6	45
tt0016226	6	269
tt0016230	6	2111
tt0016231	5.5	24
tt0016232	7	190
tt0016234	5.3	15
tt0016235	6.4	49
tt0016237	6.2	37
tt0016238	6.4	12
tt0016240	6.8	134
tt0016241	3.7	132
tt0016245	5.1	47
tt0016246	6.8	33
tt0016251	5.9	98
tt0016258	7.1	319
tt0016259	7.1	13
tt0016268	7.4	47
tt0016276	6.6	298
tt0016283	7.2	45
tt0016284	6.9	14
tt0016286	6.5	23
tt0016288	6.4	170
tt0016294	6.8	126
tt0016295	6.5	8
tt0016300	5.1	13
tt0016301	7.4	17
tt0016305	6.1	10
tt0016307	7.3	7
tt0016308	6.6	483
tt0016309	3.8	132
tt0016310	6.7	322
tt0016323	5.9	14
tt0016324	3.9	10
tt0016325	6.5	44
tt0016328	6.2	9
tt0016332	7.9	8945
tt0016333	5.6	5
tt0016334	7.2	17
tt0016338	6.1	113
tt0016341	6.2	8
tt0016343	5	8
tt0016345	7.5	11
tt0016346	7.5	79
tt0016351	6	11
tt0016358	1.9	79
tt0016359	5.9	84
tt0016361	7.1	84
tt0016364	5.3	35
tt0016367	5.9	20
tt0016368	6.8	11
tt0016373	5.6	55
tt0016374	5.1	11
tt0016375	5.7	153
tt0016377	4.1	112
tt0016382	7	9
tt0016384	5.9	60
tt0016389	6	7
tt0016390	7.4	91
tt0016392	6.4	219
tt0016394	6.5	831
tt0016395	7.2	278
tt0016398	6	6
tt0016399	5.4	21
tt0016403	6.7	15
tt0016408	4.1	9
tt0016409	6.6	23
tt0016417	4.6	30
tt0016420	6.5	14
tt0016421	5.5	6
tt0016424	5.3	7
tt0016430	5.9	15
tt0016432	6.3	6
tt0016434	6.8	5
tt0016438	6.6	15
tt0016439	7.1	27
tt0016446	7.4	57
tt0016449	5.8	9
tt0016453	5.9	8
tt0016461	6.5	538
tt0016462	6.1	8
